/*
 Navicat Premium Data Transfer

 Source Server         : localhost
 Source Server Type    : MySQL
 Source Server Version : 80028
 Source Host           : localhost:3306
 Source Schema         : recruitment_company

 Target Server Type    : MySQL
 Target Server Version : 80028
 File Encoding         : 65001

 Date: 04/05/2023 13:10:54
*/

SET NAMES utf8mb4;
SET FOREIGN_KEY_CHECKS = 0;

-- ----------------------------
-- Table structure for banner
-- ----------------------------
DROP TABLE IF EXISTS `banner`;
CREATE TABLE `banner`  (
  `id` varchar(255) CHARACTER SET utf8mb4 COLLATE utf8mb4_0900_ai_ci NOT NULL,
  `user_id` bigint NULL DEFAULT NULL,
  `img_url` varchar(255) CHARACTER SET utf8mb4 COLLATE utf8mb4_0900_ai_ci NULL DEFAULT NULL COMMENT '照片',
  `creator` varchar(255) CHARACTER SET utf8mb4 COLLATE utf8mb4_0900_ai_ci NULL DEFAULT NULL,
  `gov_url` varchar(255) CHARACTER SET utf8mb4 COLLATE utf8mb4_0900_ai_ci NULL DEFAULT NULL COMMENT '官网url',
  `status` tinyint(1) NULL DEFAULT 0 COMMENT '上线状态',
  `create_time` timestamp NULL DEFAULT CURRENT_TIMESTAMP COMMENT '创建时间',
  `update_time` timestamp NULL DEFAULT CURRENT_TIMESTAMP ON UPDATE CURRENT_TIMESTAMP COMMENT '更新时间',
  `is_deleted` tinyint(1) NULL DEFAULT 0 COMMENT '逻辑删除',
  PRIMARY KEY (`id`) USING BTREE
) ENGINE = InnoDB CHARACTER SET = utf8mb4 COLLATE = utf8mb4_0900_ai_ci ROW_FORMAT = Dynamic;

-- ----------------------------
-- Records of banner
-- ----------------------------
INSERT INTO `banner` VALUES ('1647096633705414658', 1241, 'https://hqk10.oss-cn-hangzhou.aliyuncs.com/2023/04/15/1771ac280f7248ceae504859f7962598202005311005492148_1120_341.jpg', '麦当劳', 'https://www.mcdonalds.com.cn/index/McD/join-us/job-vacancy', 1, '2023-04-15 12:36:53', '2023-04-15 13:33:18', 0);
INSERT INTO `banner` VALUES ('1647111822056108033', 1242, 'https://hqk10.oss-cn-hangzhou.aliyuncs.com/2023/04/15/a40f118200b64a08b872aa6857c072f1O1CN01nJVuTu1oOyhFfG29q_!!6000000005216-0-tps-5200-1920.jpg', '阿里巴巴', 'https://talent.alibaba.com/campus/home?lang=zh', 1, '2023-04-15 13:37:14', '2023-04-15 13:37:14', 0);
INSERT INTO `banner` VALUES ('1647113022394609665', 1243, 'https://hqk10.oss-cn-hangzhou.aliyuncs.com/2023/04/15/6e901dd1dd5248a08446703413af3a12asc.png', '腾讯', 'https://careers.tencent.com/jobopportunity.html', 1, '2023-04-15 13:42:01', '2023-04-15 13:53:19', 0);

-- ----------------------------
-- Table structure for company
-- ----------------------------
DROP TABLE IF EXISTS `company`;
CREATE TABLE `company`  (
  `id` varchar(255) CHARACTER SET utf8mb4 COLLATE utf8mb4_0900_ai_ci NOT NULL COMMENT 'id',
  `user_id` bigint NULL DEFAULT NULL COMMENT '用户id',
  `short_name` varchar(255) CHARACTER SET utf8mb4 COLLATE utf8mb4_0900_ai_ci NULL DEFAULT NULL COMMENT '简称',
  `full_name` varchar(255) CHARACTER SET utf8mb4 COLLATE utf8mb4_0900_ai_ci NULL DEFAULT NULL COMMENT '全称',
  `linkman` varchar(255) CHARACTER SET utf8mb4 COLLATE utf8mb4_0900_ai_ci NULL DEFAULT NULL COMMENT '联系人',
  `telephone` varchar(255) CHARACTER SET utf8mb4 COLLATE utf8mb4_0900_ai_ci NULL DEFAULT NULL COMMENT '手机号码',
  `city` varchar(255) CHARACTER SET utf8mb4 COLLATE utf8mb4_0900_ai_ci NULL DEFAULT NULL COMMENT '所在城市',
  `size` varchar(255) CHARACTER SET utf8mb4 COLLATE utf8mb4_0900_ai_ci NULL DEFAULT NULL COMMENT '企业规模',
  `category` varchar(255) CHARACTER SET utf8mb4 COLLATE utf8mb4_0900_ai_ci NULL DEFAULT NULL COMMENT '企业类别',
  `level` varchar(255) CHARACTER SET utf8mb4 COLLATE utf8mb4_0900_ai_ci NULL DEFAULT NULL COMMENT '融资阶段',
  `companyType` varchar(255) CHARACTER SET utf8mb4 COLLATE utf8mb4_0900_ai_ci NULL DEFAULT NULL COMMENT '公司性质',
  `gov_url` varchar(255) CHARACTER SET utf8mb4 COLLATE utf8mb4_0900_ai_ci NULL DEFAULT NULL COMMENT '公司官网',
  `weal` varchar(255) CHARACTER SET utf8mb4 COLLATE utf8mb4_0900_ai_ci NULL DEFAULT NULL COMMENT '公司福利',
  `desc` text CHARACTER SET utf8mb4 COLLATE utf8mb4_0900_ai_ci NULL COMMENT '公司描述',
  `avatar` varchar(255) CHARACTER SET utf8mb4 COLLATE utf8mb4_0900_ai_ci NULL DEFAULT NULL COMMENT '公司头像',
  `address` varchar(255) CHARACTER SET utf8mb4 COLLATE utf8mb4_0900_ai_ci NULL DEFAULT NULL COMMENT '公司地址，地理位置',
  `watch_count` bigint NULL DEFAULT 0 COMMENT '浏览次数',
  `address_name` varchar(255) CHARACTER SET utf8mb4 COLLATE utf8mb4_0900_ai_ci NULL DEFAULT NULL COMMENT '公司地址',
  `company_url` json NULL COMMENT '公司照片',
  `certify_url` json NULL COMMENT '公司证明材料',
  `is_deleted` tinyint(1) NULL DEFAULT 0 COMMENT '逻辑删除',
  PRIMARY KEY (`id`) USING BTREE
) ENGINE = InnoDB CHARACTER SET = utf8mb4 COLLATE = utf8mb4_0900_ai_ci ROW_FORMAT = Dynamic;

-- ----------------------------
-- Records of company
-- ----------------------------
INSERT INTO `company` VALUES ('1645339056290263042', 1241, '麦当劳', '麦当劳', '吴辉', '17398987901', '[\"北京市\",\"朝阳区\"]', '10000人以上', '生活服务', '不需要融资', '上市公司 ', 'www.mandom.com', '[\"补充医疗保险\",\"五险一金\",\"定期体检\",\"加班补助\",\"年终奖\",\"带薪年假\",\"员工旅游\",\"免费班车\",\"股票期权\",\"餐补\",\"通讯补贴\",\"交通补助\",\"包吃\",\"包吃包住\",\"节日福利\",\"零食下午茶\"]', '麦当劳是全球知名的餐饮品牌，在全球100多个国家有超过37,000家餐厅。麦当劳于1990年进入中国内地市场。目前，中国是麦当劳全球第三大市场、全球最大的特许经营市场，以及全球发展最快的市场。2017年7月，麦当劳与中信股份、中信资本、凯雷达成战略合作，共同运营和管理麦当劳在中国内地和香港的业务。截止2017年6月，中国内地有超过2,500家餐厅，员工人数超过120,000名。2016年，麦当劳中国为超过10亿人次服务。', 'https://hqk10.oss-cn-hangzhou.aliyuncs.com/2023/04/10/f2aa2a3818264a2eb5c14bcc763320601.jpg', '[\"116.212205\",\"39.903499\"]', 7, '麦当劳(北京鲁谷路紫御长安餐厅)', '[\"https://hqk10.oss-cn-hangzhou.aliyuncs.com/2023/04/10/bdf7ce3d3d9744a795fe71f4076ba80c8abbffd378594e95739e9009b717e95cdbe8189b3ba3e4117f169576e38caf0e.jpeg\", \"https://hqk10.oss-cn-hangzhou.aliyuncs.com/2023/04/10/80475dd8efeb442e8bc72580c636d26a010a8015634acca595ca73dce9b52e345ec261111bbbf9d0890f9b15e5d1ff21.jpeg\", \"https://hqk10.oss-cn-hangzhou.aliyuncs.com/2023/04/10/21ad37fc396b46caa0fb93db3042bcde24f7f59c96db8465fde7237b7cbb3a64dbe8189b3ba3e4117f169576e38caf0e.jpeg\", \"https://hqk10.oss-cn-hangzhou.aliyuncs.com/2023/04/10/e50e9b146898402dab02ac0b6f3e031fed4a9d2b6ea28782582a8ad9219f0e585ec261111bbbf9d0890f9b15e5d1ff21.jpeg\", \"https://hqk10.oss-cn-hangzhou.aliyuncs.com/2023/04/10/b26a56c022be41f1b56f516486ca09c4e3a41336fc8c0dbe7c6d8816901f44415ec261111bbbf9d0890f9b15e5d1ff21.jpeg\"]', '[\"https://hqk10.oss-cn-hangzhou.aliyuncs.com/2023/04/10/a14e313f75c2422db912b099fe107c6b404.png\"]', 0);
INSERT INTO `company` VALUES ('1645339288159776769', 1242, '阿里巴巴', '阿里巴巴集团', '马云', '17392787901', '[\"浙江省\",\"杭州市\"]', '10000人以上', '互联网', '已上市', '上市公司 ', 'www.alibabagroup.com', '[\"五险一金\",\"补充医疗保险\",\"定期体检\",\"加班补助\",\"年终奖\",\"带薪年假\",\"员工旅游\",\"免费班车\",\"股票期权\",\"餐补\",\"通讯补贴\",\"交通补助\",\"包吃\",\"包吃包住\",\"节日福利\",\"零食下午茶\"]', '阿里巴巴集团的使命是让天下没有难做的生意。集团创立于1999年，以商品交易额（GMV）计算，目前是全球最大的网上及移动商务公司。阿里巴巴集团为企业提供根本的互联网基础设施以及营销平台，让其可借助互联网的力量，建立网上业务并与数以亿计的消费者和其他企业进行商贸活动。\n\n阿里巴巴集团的主要业务包括：\n\n中国最大的网上购物平台淘宝网（www.taobao.com）\n中国最大的为品牌及零售商而设的第三方平台天猫（www.tmall.com）\n中国最受欢迎的团购网站聚划算（www.juhuasuan.com）\n领先的网上旅游服务预订平台去啊（www.ali⋐-⋑-----）\n让全球消费者直接购买中国产品的网上零售市场全球速卖通（www.aliexpress.com）\n中国最大的小企业全球网上批发平台阿里巴巴国际交易市场（www.alibaba.com）\n中国领先的网上批发市场1688（www.1688.com）\n以企业及创业者为对象的云计算服务供应商阿里云计算（www.aliyun.com）', 'https://hqk10.oss-cn-hangzhou.aliyuncs.com/2023/04/11/d2ac135fa7374200a34c4ac263bdbebea1.jpg', '[\"120.025512\",\"30.278915\"]', 316, '阿里巴巴西溪A区', '[\"https://hqk10.oss-cn-hangzhou.aliyuncs.com/2023/04/11/f5f817707f8a49de9b2c4298a714f01ea2.jpg\", \"https://hqk10.oss-cn-hangzhou.aliyuncs.com/2023/04/11/465ebe3777cd40e9aaf71fa3101b8039a3.jpg\", \"https://hqk10.oss-cn-hangzhou.aliyuncs.com/2023/04/11/0fd6df90dce24432b5676c625ceed37fa4.jpg\", \"https://hqk10.oss-cn-hangzhou.aliyuncs.com/2023/04/11/1a412dd930744efea114f09bd1a9193da5.jpg\"]', '[\"https://hqk10.oss-cn-hangzhou.aliyuncs.com/2023/04/11/18f72fe126c9449aa72b67823cc9d492chat.png\", \"https://hqk10.oss-cn-hangzhou.aliyuncs.com/2023/04/11/561911a7e3974b45ac7acd911ef6efa7question-circle-black.png\"]', 0);
INSERT INTO `company` VALUES ('1645339396007915521', 1243, '腾讯', '腾讯科技（深圳）有限公司', '马化腾', '17396000924', '[\"广东省\",\"深圳市\"]', '10000人以上', '互联网', '不需要融资', '上市公司 ', 'www.tencent.com', '[\"五险一金\",\"补充医疗保险\",\"定期体检\",\"加班补助\",\"年终奖\",\"带薪年假\",\"员工旅游\",\"免费班车\",\"股票期权\",\"餐补\",\"通讯补贴\",\"交通补助\",\"节日福利\",\"零食下午茶\"]', '腾讯以技术丰富互联网用户的生活。\n通过通信及社交平台微信和 QQ 促进用户联系，并助其连接数字内容和生活服务，尽在弹指间。\n通过高效广告平台，协助品牌和市场营销者触达数以亿计的中国消费者。\n通过金融科技及企业服务，促进合作伙伴业务发展，助力实现数字化升级。\n我们大力投资于人才队伍和推动科技创新，积极参与互联网行业协同发展。\n腾讯于 1998 年11月在中国深圳成立，2004 年6月在香港联合交易所主板上市。', 'https://hqk10.oss-cn-hangzhou.aliyuncs.com/2023/04/11/4418464bb0764a6fb028381f8890202b4204e9c9f200b00b77fb59d093acd281be1bd4a3bd2a63f070bdbdada9aad826.jpg', '[\"113.934497\",\"22.540517\"]', 48, '腾讯大厦', '[\"https://hqk10.oss-cn-hangzhou.aliyuncs.com/2023/04/11/2afd6f6c01f6445d998dd91f7038a2867bf6f160950405e9448ad47101dd5f7a5cc5a16d0acbb8e57c03f412c4332f4ef7b4e0b1016a1e09.jpg\", \"https://hqk10.oss-cn-hangzhou.aliyuncs.com/2023/04/11/2536c61312394ca4bb010f303a1da5b35165e340b0aa8e096b7ce961cd10b8278db6d8409f3f9b5910185f86af7395ea.jpeg\", \"https://hqk10.oss-cn-hangzhou.aliyuncs.com/2023/04/11/d2f455cdcaf94b2b8c27a04bcc7d4c69dff09386f10ebb4ee857aeb92380e5ca646bacaab54b916a662bd93c68d89c58.jpg\", \"https://hqk10.oss-cn-hangzhou.aliyuncs.com/2023/04/11/17008ad57eb5494ab1ae44c9162fd5d3fac7e2fae3919692c85ef80a866c44b62cbed725267d0c15613a0cd1ef17c547.jpg\", \"https://hqk10.oss-cn-hangzhou.aliyuncs.com/2023/04/11/c73fb2b5ae304524a13b3fe5fddb749c96df56886d6ded0e5e95acc9f703b1f82cbed725267d0c15613a0cd1ef17c547.jpg\", \"https://hqk10.oss-cn-hangzhou.aliyuncs.com/2023/04/11/4517be97a3454b738035fc596b89066b7bf6f160950405e974aaca2ba85a068cf086c5429087131a8d24cf6d79c195b7634756346ec3233b.jpg\"]', '[\"https://hqk10.oss-cn-hangzhou.aliyuncs.com/2023/04/11/b2c7951d10d248fab8267486a662f0acgrayClose.png\"]', 0);
INSERT INTO `company` VALUES ('1645339616334704642', 1244, '网龙', '网龙网络控股有限公司', '郑辉', '17333297901', '[\"福建省\",\"福州市\"]', '1000-9999人', '移动互联网', '已上市', '上市公司 ', 'www.nd.com.cn', '[\"五险一金\",\"定期体检\",\"加班补助\",\"年终奖\",\"带薪年假\",\"免费班车\",\"节日福利\",\"零食下午茶\"]', '网龙网络控股有限公司（香港交易所股份代号：777）是全球领先的互联网社区创建者。公司成立于一九九九年，总部位于中国福建福州。网龙各项经济指标均位居国内同行业前列，跻身福布斯全球企业2,000强，是国家规划布局的重点软件企业、国家文化产业示范基地、国家文化出口重点企业，连续三年全国文化企业30强，入选《福布斯》中文版「中国潜力企业」高成长上市企业百强榜单第三名，连续七年跻身国家工信部发布的「中国互联网企业百强榜」。此外，网龙还被纳入恒生综合大中型股指数，深港通和沪港通成份股。网龙现有员工6000多人，两次荣获《财富》杂志「卓越雇主」。\n网龙核心业务始终走在行业前沿，创建了中国网络游戏门户－*********；作为网络游戏的先锋，自主研发著名的旗舰游戏《魔域》及《征服》，广受玩家欢迎；创造了智能手机服务平台－91无线。二零一三年，网龙将91无线以19亿美金售予百度。\n网龙是中国领先的网络游戏开发商、运营商和发行商，也是首批走出国门并成功运营的民族网游企业。先后自主研发了包括《征服》《魔域》《英魂之刃》《终焉誓约》等多款网游及手游精品，现今产品覆盖英、法、西班牙、阿拉伯等11种语言区域180多个国家的游戏市场。多年来，网龙连续获得新闻出版广电总局颁发的「中国游戏海外拓展奖」、「中国十佳游戏开发商」、「中国十佳游戏运营商」、「中国十佳营销企业」以及「金翎奖」等重量级奖项和殊荣，被商务部等国家部委评为「中国文化出口重点企业」。二零一九年，网龙荣膺“2018-2019游戏企业社会责任十佳企业”。\n网龙已成为在线及移动互联网教育行业的主要参与者，从硬件、软件、平台、资源打造教育细分市场服务平台体系，业务涵盖学前教育、基础教育、高等教育、职业教育、企业培训、非学历及终身教育等，致力创建全球终生学习社区。2015年，网龙成功收购国内一流的智能语音技术服务提供商苏州驰声信息科技有限公司，通过整合其一流的语音技术来丰富教育产品，在语音评测、语音识别和语言教学领域提供独特的价值。同年，宣布完成收购全球领先的教育解决方案提供商普罗米休斯，其优秀的教育硬件产品和软件技术，与公司自有的101系列产品实现了产品技术融合创新。2017年，收购教育产品供货商 JumpStart 进一步扩大互联网社区。2018年，收购K12学习社区Edmodo，Edmodo是全球学习社区平台，拥有超一亿注册用户。通过近年来的教育战略投资，网龙的教育版图已覆盖192个国家、超1亿用户、200余万间教室，建立起覆盖全球的K12教育社区网络和生态系统。', 'https://hqk10.oss-cn-hangzhou.aliyuncs.com/2023/04/12/5b46d02107ca4647a1af56aaf9e2ddb66951e88132c8fcf168351286ad7f42a2cfcd208495d565ef66e7dff9f98764da.jpg', '[\"119.313863\",\"26.090707\"]', 3, '网龙网络公司', '[\"https://hqk10.oss-cn-hangzhou.aliyuncs.com/2023/04/12/c99b76f8a47342349e2eaef41cf9cb87016630e45a462ade0d639ea4fc534ed0be56d6120a50549a06ea9110881a98da_s.jpg\", \"https://hqk10.oss-cn-hangzhou.aliyuncs.com/2023/04/12/dcc2ed4603e243fe9452821575b84d03679cbe574b951b79dce61cb70ae52ce7be56d6120a50549a06ea9110881a98da_s.jpg\", \"https://hqk10.oss-cn-hangzhou.aliyuncs.com/2023/04/12/f3f41f75165d4adf9410e8948aacb8b8da3534f80f350ecf71502db1bc535f83be56d6120a50549a06ea9110881a98da_s.jpg\", \"https://hqk10.oss-cn-hangzhou.aliyuncs.com/2023/04/12/1aafd9132992479bbd89ea1c32a706bbd660db428e3b1e8079607c88c6b3d2b2be56d6120a50549a06ea9110881a98da_s.jpg\"]', '[\"https://hqk10.oss-cn-hangzhou.aliyuncs.com/2023/04/12/a6435883e6dd4524a52ccc6937984bffbtn-shanchu-hover.png\"]', 0);
INSERT INTO `company` VALUES ('1645339801341259778', 1245, '顺丰速运', '深圳顺丰泰森控股（集团）有限公司', '王卫', '18078555891', '[\"广东省\",\"深圳市\"]', '10000人以上', '物流/仓储', '已上市', '上市公司 ', 'www.sf-express.com/chn/sc', '[\"五险一金\",\"补充医疗保险\",\"定期体检\",\"加班补助\",\"年终奖\",\"带薪年假\",\"餐补\",\"通讯补贴\",\"包吃包住\",\"交通补助\"]', '1993年，顺丰诞生于广东顺德。2016年12月12日，顺丰速运取得证监会批文获准登陆A股市场，2017年2月24日，正式更名为顺丰控股。股票代码002352。\n\n顺丰是国内领先的快递物流综合服务商。经过多年发展，已初步建立为客户提供一体化综合物流解决方案的能力，为客户提供仓储管理、销售预测、大数据分析、金融管理等一揽子解决方案。\n\n顺丰同时还是一家具有网络规模优势的智能物流运营商。经过多年潜心经营和前瞻性战略布局，顺丰控股已形成拥有“天网+地网+信息网”三网合一、可覆盖国内外的综合物流服务网络。\n\n顺丰采用直营的经营模式，由总部对各分支机构实施统一经营、统一管理，保障了网络整体运营质量。', 'https://hqk10.oss-cn-hangzhou.aliyuncs.com/2023/04/12/c8b3b34c9bc74a16bc3011bdd70254cb46a8d8c17d5c868ada8180ff93d4f0a5cfcd208495d565ef66e7dff9f98764da.png', '[\"113.944267\",\"22.538148\"]', 8, '深投控创智天地大厦B栋', '[\"https://hqk10.oss-cn-hangzhou.aliyuncs.com/2023/04/12/f52cbb33cbb54b789829d163d6e9c33b7bf6f160950405e96d244bedd0e6426633b927c0b15811ebd84a2c01175906b9df4117c3d0b168d2.jpg\", \"https://hqk10.oss-cn-hangzhou.aliyuncs.com/2023/04/12/8cd403bc1d894c279bcd5f46a3a5f9b74563ebf5a30676cbe9b8abb01948c78b90a5c71f7e6250a1f944e38c7bccae61.jpg\", \"https://hqk10.oss-cn-hangzhou.aliyuncs.com/2023/04/12/2cbec628c964495d906d953977bd8693f1ad6e49b83d737b94e4a5c1faee0838b6fe45effa4b4c8cfa18d812a66e0f1d2707ca585d739be8.jpg\"]', '[\"https://hqk10.oss-cn-hangzhou.aliyuncs.com/2023/04/12/d47c0c930cba4a5e81a1bf28317ee71chudong.png\"]', 0);
INSERT INTO `company` VALUES ('1645340074247843841', 1246, 'KFC', '肯德基有限公司', '徐菁睿', '17245151721', '[\"浙江省\",\"杭州市\"]', '10000人以上', '生活服务', '已上市', '上市公司 ', 'www.kfc.com.cn/kfccda/index.aspx', '[\"五险一金\",\"补充医疗保险\",\"定期体检\",\"节日福利\",\"带薪年假\"]', '肯德基全球总部设在美国肯塔基州的路易斯维尔市，是世界上最大的鸡肉餐饮连锁店，1952年由创始人山德士先生(colonelharlandsanders)创建，全球最大的餐饮集团百胜餐饮集团拥有该品牌。\n肯德基自1987年在北京前门开出中国第一家餐厅到现在，来到中国已经21年了。肯德基在中国的21年，是\"\"立足中国、融入生活\"\"的21年，是\"\"为中国而改变，全力打造\'新快餐\'\"\"的21年。21年来，肯德基一直都在努力探索，把最贴心的服务回馈给广大中国消费者。如今中国肯德基已在650余个城市和乡镇开设了3200余家连锁餐厅，遍及中国大陆除西藏以外的所有省、市、自治区，是中国规模最大、发展最快的快餐连锁企业。', 'https://hqk10.oss-cn-hangzhou.aliyuncs.com/2023/04/12/7d6053af961e48ebab137c1025db4134d5a5863b21af7a0db5c1acaaaa2030b21f608ffdf47c28b35ab7e6556df26cb9.jpg', '[\"120.627392\",\"27.980518\"]', 21, '肯德基(梦多多小镇店)', '[\"https://hqk10.oss-cn-hangzhou.aliyuncs.com/2023/04/12/0629a77fc0ed4dbb90855b88f382b1afc92482c0d20b7d5538c96133820da7a29923c7f380115caacb3436b4a5560ab3.jpg\", \"https://hqk10.oss-cn-hangzhou.aliyuncs.com/2023/04/12/5039e5f7ef8547918b36d6f2b37cc8cbc92482c0d20b7d5538c96133820da7a29923c7f380115caacb3436b4a5560ab3.jpg\", \"https://hqk10.oss-cn-hangzhou.aliyuncs.com/2023/04/12/fb839503cedd4973887c580f65767b24b86e1873006a9730539c35c6cf98f9d69923c7f380115caacb3436b4a5560ab3.jpg\", \"https://hqk10.oss-cn-hangzhou.aliyuncs.com/2023/04/12/d544d46e7513451582765f86dfce972d265e2df1a8be92f9a7f6d1583faf3c1d9923c7f380115caacb3436b4a5560ab3.jpg\"]', '[\"https://hqk10.oss-cn-hangzhou.aliyuncs.com/2023/04/12/75197483d38a49a29002df67b473ba15fxlb.png\"]', 0);
INSERT INTO `company` VALUES ('1645340472782221314', 1247, '兴业数金', '兴业数字金融服务（上海）股份有限公司', '颜勇', '17497382932', '[\"上海市\",\"黄浦区\"]', '1000-9999人', '互联网', '不需要融资', '股份制企业', 'www.cibfintech.com/', '[\"五险一金\",\"补充医疗保险\",\"定期体检\",\"加班补助\",\"年终奖\",\"带薪年假\",\"员工旅游\",\"免费班车\",\"股票期权\",\"餐补\",\"通讯补贴\",\"交通补助\",\"节日福利\",\"零食下午茶\"]', '兴业数字金融服务股份有限公司(以下简称“兴业数金”）于2015年12月22日成立，注册地位于中国（上海）自由贸易实验区陆家嘴片区，兴业银行集团子公司。是兴业银行科技研发及数字金融创新的支持类子公司，也是兴业银行集团内承担此职能的唯一单位。\n兴业数金定位为兴业银行集团面向中小银行、非银行金融机构、中小企业提供金融信息云服务的最主要平台，同时也是集团探索开展互联网金融业务的最主要平台。兴业数金公司成立即“开宗明义”：抢抓数字革命机遇，利用移动互联、云计算、大数据、人工智能等新兴技术，深化集团融合发展，并依托集团化优势，面向全社会提供普惠数字金融服务。\n兴业数金办公地点设在上海市、杭州市、福州市。我们诚挚邀请有志于投身数字化金融浪潮、勇于接受挑战、德才兼备的人才加入，共同成长，共创辉煌。', 'https://hqk10.oss-cn-hangzhou.aliyuncs.com/2023/04/12/529cfb714c364ce5beba516baf7fe2d75a9dca40dd3ef01118ab969c050b84ad89f6a1be5b6ddb04d95049aa0eb0ca0f.jpg', '[\"121.670361\",\"31.245566\"]', 1, '兴业银行(来安路)', '[\"https://hqk10.oss-cn-hangzhou.aliyuncs.com/2023/04/12/971075cf28874811b666dc20e6ee57af373de14ec65139735badf3f4dcf952d7626a2cd2849383b44f97428258154ad6.jpg\", \"https://hqk10.oss-cn-hangzhou.aliyuncs.com/2023/04/12/4f488787906e460984d2d0113da975e423338731ba434e64e20ae18c4dbb257aaeb228f47729109152bb834961703e71.jpg\", \"https://hqk10.oss-cn-hangzhou.aliyuncs.com/2023/04/12/d7aa7426d3cf45c1ba134daa543382a5ab14fa92e3b6d3c463b1304aaaa6888d7e34a26e054ad1003b60c24ec9a1502e.jpg\", \"https://hqk10.oss-cn-hangzhou.aliyuncs.com/2023/04/12/693d2f1bad104781aa2cf75cf336e889ddaf0fecb29e5e6c584663e36c855d03aec0cb27ea8a0889c93ea1fce5d5492f.jpg\", \"https://hqk10.oss-cn-hangzhou.aliyuncs.com/2023/04/12/5def8855f6324182afb1b0e5f553d61e1206339d1d7ef6641100433a78edb972c24af0c367d890b7c99b8c10b96ff783.jpg\"]', '[\"https://hqk10.oss-cn-hangzhou.aliyuncs.com/2023/04/12/7033c596e61c480c941cfb1c471bb659qx.png\"]', 0);
INSERT INTO `company` VALUES ('1645340659734933506', 1248, NULL, NULL, NULL, NULL, NULL, NULL, NULL, NULL, NULL, NULL, NULL, NULL, NULL, NULL, 0, NULL, NULL, NULL, 0);
INSERT INTO `company` VALUES ('1645340891537338370', 1249, NULL, NULL, NULL, NULL, NULL, NULL, NULL, NULL, NULL, NULL, NULL, NULL, NULL, NULL, 0, NULL, NULL, NULL, 0);
INSERT INTO `company` VALUES ('1645341022068273153', 1250, NULL, NULL, NULL, NULL, NULL, NULL, NULL, NULL, NULL, NULL, NULL, NULL, NULL, NULL, 0, NULL, NULL, NULL, 0);
INSERT INTO `company` VALUES ('1645341240427933698', 1251, NULL, NULL, NULL, NULL, NULL, NULL, NULL, NULL, NULL, NULL, NULL, NULL, NULL, NULL, 0, NULL, NULL, NULL, 0);
INSERT INTO `company` VALUES ('1652143062702469121', 1273, NULL, NULL, NULL, NULL, NULL, NULL, NULL, NULL, NULL, NULL, NULL, NULL, NULL, NULL, 0, NULL, NULL, NULL, 0);

-- ----------------------------
-- Table structure for job
-- ----------------------------
DROP TABLE IF EXISTS `job`;
CREATE TABLE `job`  (
  `id` varchar(255) CHARACTER SET utf8mb4 COLLATE utf8mb4_0900_ai_ci NOT NULL COMMENT 'id',
  `user_id` bigint NULL DEFAULT NULL COMMENT '创建者id',
  `company_id` varchar(255) CHARACTER SET utf8mb4 COLLATE utf8mb4_0900_ai_ci NULL DEFAULT NULL COMMENT '公司id',
  `job_name` varchar(255) CHARACTER SET utf8mb4 COLLATE utf8mb4_0900_ai_ci NULL DEFAULT NULL COMMENT '职位名',
  `job_type` varchar(255) CHARACTER SET utf8mb4 COLLATE utf8mb4_0900_ai_ci NULL DEFAULT NULL COMMENT '职位类别',
  `job_require` varchar(255) CHARACTER SET utf8mb4 COLLATE utf8mb4_0900_ai_ci NULL DEFAULT NULL COMMENT '职位要求',
  `start_money` int NULL DEFAULT NULL COMMENT '起始薪资',
  `end_money` int NULL DEFAULT NULL COMMENT '结束薪资',
  `money_month` int NULL DEFAULT NULL COMMENT '薪资月份',
  `city` varchar(255) CHARACTER SET utf8mb4 COLLATE utf8mb4_0900_ai_ci NULL DEFAULT NULL COMMENT '所在城市',
  `address` varchar(255) CHARACTER SET utf8mb4 COLLATE utf8mb4_0900_ai_ci NULL DEFAULT NULL COMMENT '地址',
  `address_name` varchar(255) CHARACTER SET utf8mb4 COLLATE utf8mb4_0900_ai_ci NULL DEFAULT NULL COMMENT '地址名称',
  `resume` longtext CHARACTER SET utf8mb4 COLLATE utf8mb4_0900_ai_ci NULL COMMENT '简历存储地址',
  `tag` varchar(255) CHARACTER SET utf8mb4 COLLATE utf8mb4_0900_ai_ci NULL DEFAULT NULL COMMENT '职位标签',
  `weal` varchar(255) CHARACTER SET utf8mb4 COLLATE utf8mb4_0900_ai_ci NULL DEFAULT NULL COMMENT '职位福利',
  `watch_count` bigint NULL DEFAULT 0 COMMENT '浏览次数',
  `status` tinyint NULL DEFAULT 0 COMMENT '状态',
  `is_deleted` tinyint NULL DEFAULT 0 COMMENT '逻辑删除',
  `job_desc` text CHARACTER SET utf8mb4 COLLATE utf8mb4_0900_ai_ci NULL COMMENT '职位描述',
  `create_time` timestamp NULL DEFAULT CURRENT_TIMESTAMP COMMENT '创建时间',
  `update_time` timestamp NULL DEFAULT CURRENT_TIMESTAMP ON UPDATE CURRENT_TIMESTAMP COMMENT '结束时间',
  PRIMARY KEY (`id`) USING BTREE
) ENGINE = InnoDB CHARACTER SET = utf8mb4 COLLATE = utf8mb4_0900_ai_ci ROW_FORMAT = Dynamic;

-- ----------------------------
-- Records of job
-- ----------------------------
INSERT INTO `job` VALUES ('111', 1260, '1645339288159776769', '阿里云-SaaS前端开发专家（国际版SaaS）', '[\"技术\",\"前端开发\",\"前端开发工程师\"]', '本科', 45, 75, 16, '[\"浙江省\",\"杭州市\"]', '[\"120.035946\",\"30.318508\"]', '阿里巴巴云谷园区1号楼', '[{\"fileName\":\"python工程师简历模板.pdf\",\"url\":\"https://hqk10.oss-cn-hangzhou.aliyuncs.com/2023/04/23/0d0b49d5a1e8451b88993ef6f1b693a5python工程师简历模板.pdf\"},{\"fileName\":\"张三-Java工程师.pdf\",\"url\":\"https://hqk10.oss-cn-hangzhou.aliyuncs.com/2023/04/30/696b81ac92af4a91b1d0ba7f5cf03c16张三-Java工程师.pdf\"}]', '[\"前端开发经验\",\"计算机/软件工程相关专业\",\"Webpack\",\"Vue\",\"React\"]', '[\"五险一金\",\"定期体检\",\"补充医疗保险\",\"加班补助\",\"年终奖\",\"带薪年假\",\"员工旅游\",\"免费班车\",\"股票期权\",\"餐补\",\"通讯补贴\",\"交通补助\",\"包吃\",\"包吃包住\",\"节日福利\",\"零食下午茶\"]', 841, 1, 0, '<p><span style=\"color: rgb(51, 51, 51); background-color: rgb(255, 255, 255); font-size: 15px;\">阿里云E2国际专注于企业应用国际化，为企业提供提供高效、普惠、解决痛点、价值驱动的企业云服务。 <br>其中LinkeMall独立站是一款面向跨境电商用户的一站式建站SaaS产品，基于阿里云底盘，加持达摩院技术，帮助企业快速建站、高效的进行私域流量运营。<br>1. 参与阿里云跨境独立站产品的需求调研、产品设计，为跨境电商用户提供的一站式建站SaaS产品，帮助客户快速建站、高效的进行私域流量运营。；<br>2. 负责产品前端开发工作，负责前端落地实现、前端研发效率及用户体验提升等一系列工作内容<br>3. 负责前端技术的研究和探索，了解前端技术的发展趋势和最新动态，不断提升促进产品发展；<br>职位要求<br>1. 计算机相关专业本科或以上学历，至少三年前端开发工作经验；<br>2. 具备良好的编码习惯和代码风格，能够编写高质量、可维护、可扩展的前端代码；<br>3. 熟练掌握主流前端框架、JS库及相关生态工具，如：React/VueJS等，理解其设计原理及应用场景；<br>4. 熟悉前端工程化及模块化开发，有中大型应用开发维护经验；<br>5. 熟悉Webpack等前端构建工具和自动化部署工具，能够独立完成前端项目的构建和部署；<br>6. 良好的沟通能力和团队协同能力，能与他人合作，共同完成目标； <br>【加分项】<br>1. 具有电商平台前端开发经验，能够独立完成电商平台的前端开发和维护工作，了解电商平台的前端开发流程和规范；<br>2. 具有多语言开发经验，能够独立完成多语言应用的开发和维护工作，了解多语言应用的开发流程和规范；<br>3. 有低代码产品前端开发经验，能够独立完成低代码产品的开发和维护工作，了解低代码开发的相关技术和工具；</span></p>', '2023-04-11 22:52:26', '2023-05-01 17:45:15');
INSERT INTO `job` VALUES ('1645649250031345666', 1254, '1645339056290263042', '麦当劳招聘服务员', '[\"服务业\",\"餐饮\",\"服务员\"]', '学历不限', 2, 4, 12, '[\"福建省\",\"福州市\"]', '[\"119.192013\",\"26.052607\"]', '麦当劳福州大学紫荆园店', '[{\"fileName\":\"张三-Java工程师.pdf\",\"url\":\"https://hqk10.oss-cn-hangzhou.aliyuncs.com/2023/04/14/0008020573f0494bbcd5a5be2bd3a43a张三-Java工程师.pdf\"},{\"fileName\":\"张三-Java工程师.pdf\",\"url\":\"https://hqk10.oss-cn-hangzhou.aliyuncs.com/2023/04/14/0008020573f0494bbcd5a5be2bd3a43a张三-Java工程师.pdf\"},{\"fileName\":\"张三-Java工程师.pdf\",\"url\":\"https://hqk10.oss-cn-hangzhou.aliyuncs.com/2023/04/14/0008020573f0494bbcd5a5be2bd3a43a张三-Java工程师.pdf\"},{\"fileName\":\"张三-Java工程师.pdf\",\"url\":\"https://hqk10.oss-cn-hangzhou.aliyuncs.com/2023/04/14/0008020573f0494bbcd5a5be2bd3a43a张三-Java工程师.pdf\"},{\"fileName\":\"张三-Java工程师.pdf\",\"url\":\"https://hqk10.oss-cn-hangzhou.aliyuncs.com/2023/04/14/0008020573f0494bbcd5a5be2bd3a43a张三-Java工程师.pdf\"},{\"fileName\":\"张三-Java工程师.pdf\",\"url\":\"https://hqk10.oss-cn-hangzhou.aliyuncs.com/2023/04/14/0008020573f0494bbcd5a5be2bd3a43a张三-Java工程师.pdf\"},{\"fileName\":\"张三-Java工程师.pdf\",\"url\":\"https://hqk10.oss-cn-hangzhou.aliyuncs.com/2023/04/14/0008020573f0494bbcd5a5be2bd3a43a张三-Java工程师.pdf\"},{\"fileName\":\"张三-Java工程师.pdf\",\"url\":\"https://hqk10.oss-cn-hangzhou.aliyuncs.com/2023/04/14/0008020573f0494bbcd5a5be2bd3a43a张三-Java工程师.pdf\"},{\"fileName\":\"张三-Java工程师.pdf\",\"url\":\"https://hqk10.oss-cn-hangzhou.aliyuncs.com/2023/04/14/0008020573f0494bbcd5a5be2bd3a43a张三-Java工程师.pdf\"},{\"fileName\":\"张三-Java工程师.pdf\",\"url\":\"https://hqk10.oss-cn-hangzhou.aliyuncs.com/2023/04/14/0008020573f0494bbcd5a5be2bd3a43a张三-Java工程师.pdf\"},{\"fileName\":\"张三-Java工程师.pdf\",\"url\":\"https://hqk10.oss-cn-hangzhou.aliyuncs.com/2023/04/14/0008020573f0494bbcd5a5be2bd3a43a张三-Java工程师.pdf\"}]', '[\"点单\",\"无经验\",\"西餐厅\",\"兼职\",\"收银\",\"全职\"]', '[\"五险一金\",\"加班补助\",\"带薪年假\",\"节日福利\"]', 272, 1, 0, '<p>招聘职位：服务员<br>工作时间：弹性可选。 （每天最少4小时，最多11小时<br>需要每周至少可以提供5天。<br>岗位要求：<br>年满18周岁以上，男女均可；<br>有志于餐饮服务业，服从安排完成好布置的工作<br>，具备良好的顾客服务意识；能适应早晚轮班工作及快节奏的工作方式；善于沟通，充满热情，学习能力强，适应变革。<br>目前比较空缺的是周一到周四的早中晚班，可以提供这四天时间的会优先考虑，一周需要提供5天班，周一到周四至少给3天，周末需要可以提供任意时间段的工作时间。<br>①167小时后享受1.5倍薪资福利。<br>②22：00后每小时增加夜班补贴。<br>③法定节假日三薪<br>⑤快速发展计划，掌握更多技能，更高薪资福利<br>⑥五险一金，丧假，产/陪产假，婚假。<br>⑦每周六免费餐饮一份，员工餐五折优惠，全国麦当劳享75折优惠。<br>原标题：《服务员》</p><p><br></p><h3>薪资详情</h3><p>薪资范围：2000-4000元/月<br>发薪日：29日<br>底薪：2000-3000元/月<br>社保类型：五险一金<br>奖金补贴：夜班补助</p>', '2023-04-11 12:45:30', '2023-05-01 17:06:56');
INSERT INTO `job` VALUES ('1645656196054622209', 1254, '1645339056290263042', '麦当劳见习经理', '[\"服务业\",\"餐饮\",\"前厅经理/领班\"]', '大专', 3, 4, 13, '[\"福建省\",\"福州市\"]', '[\"119.314675\",\"26.068202\"]', '麦当劳(大利嘉城店)', '[{\"fileName\":\"张三-Java工程师.pdf\",\"url\":\"https://hqk10.oss-cn-hangzhou.aliyuncs.com/2023/04/14/0008020573f0494bbcd5a5be2bd3a43a张三-Java工程师.pdf\"},{\"fileName\":\"张三-Java工程师.pdf\",\"url\":\"https://hqk10.oss-cn-hangzhou.aliyuncs.com/2023/04/14/0008020573f0494bbcd5a5be2bd3a43a张三-Java工程师.pdf\"}]', '[\"门店运营管理\",\"底薪加提成\",\"年终奖\",\"带薪年假\",\"五险一金\"]', '[\"五险一金\",\"加班补助\",\"带薪年假\",\"节日福利\"]', 30, 1, 0, '<p><span style=\"color: rgb(51, 51, 51); background-color: rgb(255, 255, 255); font-size: 15px;\">麦当劳盛世茶亭店（茶亭地地铁站）<br>麦当劳大利嘉餐厅（大利嘉沃尔玛旁）<br>麦当劳晋连路餐厅（世欧王庄南区）<br>麦当劳秀峰路餐厅（五四北永辉超市旁）<br>麦当劳福飞路餐厅（新店蓝海大厦）<br>麦当劳六一路餐厅（建总·康桥里）<br>◆工作岗位：见习经理<br>◆工作时间：弹性可选，根据餐厅实际的需求安排<br>◆年龄: 18~35周岁且有大专及以上文聘<br>◆工作地点:根据公司安排（就近）<br>◆员工福利待遇:<br>1、五险一金，丧假，产/陪产假，婚假<br>2、每月工时超过167以后1.5倍工资<br>3、法定节假日四薪，假期特殊激励福利方式（每年11天）<br>4、带薪年假7天/年（随工龄增加）<br>5、弹性的工作时间，可根据自己提供的时间进行排班<br>6、拥有全球500强的卓越训练，有广阔的快速发展空间，对有发展意向的员给予快速发展升迁，掌握更多技能，更高薪资 <br>7、参加公司定期举办的员工活动<br>8、员工餐饮5折、7.5折优惠、 生日当月88元餐饮<br>9、全职补贴，22：00后每小时增加夜班补贴<br>10、工作满180小时以上满勤奖<br>11、拥有麦当劳员工独享的餐饮优惠，每周六免费餐饮一份 <br>12、免费提供制服（无需缴纳制服押金）<br>职位要求：<br>1、全职员工：年满18周岁以上<br>2、大专及以上学历<br>3、通过公司hr面试<br>4、具有良好的服务意识和团队意识<br>5、能适应早晚轮班工作及紧凑的工作环境</span></p>', '2023-04-11 13:13:06', '2023-04-23 15:38:02');
INSERT INTO `job` VALUES ('1645656800512548866', 1254, '1645339056290263042', '麦当劳招聘咖啡师', '[\"服务业\",\"餐饮\",\"咖啡师\"]', '学历不限', 1, 4, 12, '[\"福建省\",\"福州市\"]', '[\"119.283442\",\"26.08082\"]', '麦当劳(福州市杨桥路百安居餐厅)', NULL, '[\"晋升空间大\",\"全职兼职均可\",\"医保报销\",\"带薪培训\",\"咖啡拉花\",\"节假日加班费\"]', '[\"五险一金\",\"加班补助\",\"带薪年假\",\"节日福利\"]', 1, 1, 0, '<p><span style=\"color: rgb(51, 51, 51); background-color: rgb(255, 255, 255); font-size: 15px;\">工作日期：不限<br>工作时间：不限<br>结算方式：月结<br>1.负责餐厅产品制作，可带薪培训<br>2.适应早班或者晚班工作均可<br>3.年龄不限<br>4.广阔的晋升空间<br>5.适应快节奏的工作氛围<br>原标题：《服务员/咖啡师/品牌大使》</span></p>', '2023-04-11 13:15:30', '2023-04-14 15:31:53');
INSERT INTO `job` VALUES ('1645710235656044546', 1254, '1645339056290263042', '麦当劳招聘咖啡师', '[\"服务业\",\"餐饮\",\"咖啡师\"]', '学历不限', 1, 5, 12, '[\"福建省\",\"福州市\"]', '[\"119.283442\",\"26.08082\"]', '麦当劳(福州市杨桥路百安居餐厅)', NULL, '[\"晋升空间大\",\"全职兼职均可\",\"医保报销\",\"带薪培训\",\"咖啡拉花\",\"节假日加班费\"]', '[\"五险一金\",\"加班补助\",\"带薪年假\",\"节日福利\"]', 0, 1, 1, '<p><span style=\"color: rgb(51, 51, 51); background-color: rgb(255, 255, 255); font-size: 15px;\">工作日期：不限<br>工作时间：不限<br>结算方式：月结<br>1.负责餐厅产品制作，可带薪培训<br>2.适应早班或者晚班工作均可<br>3.年龄不限<br>4.广阔的晋升空间<br>5.适应快节奏的工作氛围<br>原标题：《服务员/咖啡师/品牌大使》</span></p>', '2023-04-11 16:47:50', '2023-04-14 12:48:16');
INSERT INTO `job` VALUES ('1645711116866732034', 1254, '1645339056290263042', '麦当劳招聘咖啡师', '[\"服务业\",\"餐饮\",\"咖啡师\"]', '学历不限', 4, 11, 12, '[\"福建省\",\"福州市\"]', '[\"119.283442\",\"26.08082\"]', '麦当劳(福州市杨桥路百安居餐厅)', NULL, '[\"晋升空间大\",\"全职兼职均可\",\"医保报销\",\"带薪培训\",\"咖啡拉花\",\"节假日加班费\"]', '[\"五险一金\",\"加班补助\",\"带薪年假\",\"节日福利\"]', 0, 1, 1, '<p><span style=\"color: rgb(51, 51, 51); background-color: rgb(255, 255, 255); font-size: 15px;\">工作日期：不限<br>工作时间：不限<br>结算方式：月结<br>1.负责餐厅产品制作，可带薪培训<br>2.适应早班或者晚班工作均可<br>3.年龄不限<br>4.广阔的晋升空间<br>5.适应快节奏的工作氛围<br>原标题：《服务员/咖啡师/品牌大使》</span></p>', '2023-04-11 16:51:20', '2023-04-14 12:48:16');
INSERT INTO `job` VALUES ('1645756165591785473', 1254, '1645339056290263042', '麦当劳招聘餐饮店长', '[\"服务业\",\"餐饮\",\"餐饮店长\"]', '大专', 3, 4, 13, '[\"福建省\",\"厦门市\"]', '[\"118.091647\",\"24.507807\"]', '麦当劳(厦门山姆会员商店店)', NULL, '[\"五险一金\",\"带薪年假\",\"储备经理\",\"门店运营管理\",\"连锁经营管理\",\"餐厅运营\",\"弹性工作制\",\"晋升空间大\"]', '[\"五险一金\",\"补充医疗保险\",\"定期体检\",\"加班补助\",\"带薪年假\",\"节日福利\"]', 0, 1, 0, '<p><span style=\"color: rgb(51, 51, 51); background-color: rgb(255, 255, 255); font-size: 15px;\">工作职责：<br>1.学习基础岗位并通过鉴定，晋升精英员工成为员工教练；（为成为领导值班管理做好专业基础）<br>2.学习区域管理并通过区域鉴定，负责区域人员、物料、设备、并带领区域团队达成区域目标；<br>3.学习并管理值班管理并通过值班管理的鉴定，负责楼面的人员、物料、设备、并带领楼面团队服务好顾客达成值班目标；<br>4.学习并管理麦当劳系统管理，参与1-2年餐厅总经理培养计划，让你在两年后掌管一家营业额过千万的门店。<br>5）公开公正的升迁机制：值班主管→营销经理→人员专家→餐厅总经理→营运顾问→更高的管理岗位/跨部门发展<br>岗位要求：<br>1. 大专及以上学历；<br>2. 热爱顾客服务工作并愿意接受挑战和领导他人；<br>3. 喜欢快节奏的工作并能适应早晚轮班；<br>4. 无需工作经验，专业不限；</span></p>', '2023-04-11 19:50:21', '2023-04-14 12:48:16');
INSERT INTO `job` VALUES ('1645756761518497794', 1254, '1645339056290263042', '值班经理', '[\"服务业\",\"餐饮\",\"前厅经理/领班\"]', '大专', 3, 5, 12, '[\"福建省\",\"福州市\"]', '[\"119.346894\",\"26.072949\"]', '麦当劳(福州麦当劳福马路DT餐厅)', NULL, '[\"五险一金\",\"带薪年假\",\"餐厅运营\",\"晋升空间大\"]', '[\"补充医疗保险\",\"五险一金\",\"带薪年假\"]', 0, 1, 0, '<p>招聘职位：麦当劳值班经理<br>工作职责：职位描述<br>工作职责：<br>1.学习基础岗位并通过鉴定，晋升精英员工成为员工教练；（为成为领导值班管理做好专业基础）<br>2.学习区域管理并通过区域鉴定，负责区域人员、物料、设备、并带领区域团队达成区域目标；<br>3.学习并管理值班管理并通过值班管理的鉴定，负责楼面的人员、物料、设备、并带领楼面团队服务好顾客达成值班目标；<br>4.学习并管理麦当劳系统管理，参与1-2年餐厅总经理培养计划，让你在两年后掌管一家营业额过千万的门店。<br>5）公开公正的升迁机制：值班主管→营销经理→人员专家→餐厅总经理→营运顾问→更高的管理岗位/跨部门发展<br>岗位要求：<br>1. 大专及以上学历；<br>2. 热爱顾客服务工作并愿意接受挑战和领导他人；<br>3. 喜欢快节奏的工作并能适应早晚轮班；<br>4. 无需工作经验，专业不限；<br>5. 具备良好的沟通技巧和不断学习的能力、团队合作精神及工作责任心。<br>福利待遇：<br>福利： 月休5-9天，免费餐饮 ,五险一金，十天年假。</p><p><br></p><h3>薪资详情</h3><p>薪资范围：3000-5000元/月<br>发薪日：30日<br>底薪：3500-5000元/月<br>社保类型：五险一金</p>', '2023-04-11 19:52:43', '2023-04-14 12:48:16');
INSERT INTO `job` VALUES ('1645763009995464706', 1254, '1645339056290263042', '福州外送督导', '[\"服务业\",\"餐饮\",\"送餐员\"]', '高中', 5, 6, 12, '[\"福建省\",\"福州市\"]', '[\"119.267523\",\"26.033414\"]', '麦当劳(福州仓山欢乐颂店)', NULL, '[\"食品生鲜\",\"管理经验\",\"数据分析能力\",\"五险\",\"每周双休\",\"善于解决客诉\"]', '[\"补充医疗保险\",\"五险一金\",\"带薪年假\",\"餐补\",\"节日福利\",\"零食下午茶\"]', 1, 1, 0, '<p>1.懂基本电脑操作<br>2.负责区域内餐厅的外送运营管理工作，订单调度，员工招聘，培训，管理，餐厅沟通，员工班表安排，完成协助总经理交代的其他相关事物<br>3.协助文员办理收集员工入职资料，收集管辖区内每月班表寄回公司<br>4.如员工出现交通事故，及时报备，跟进处理，需要走保险程序的协助文员收集材料。<br>5、前期两周要做外送岗位，熟悉区域各餐厅商圈，熟悉送餐标准流程，后续专业培训骑手。</p><p><br></p><h3>薪资详情</h3><p>薪资范围：5000-6000元/月<br>发薪日：10日<br>社保类型：五险<br>奖金补贴：绩效奖金，全勤奖，交通补助，房补，餐补</p>', '2023-04-11 20:17:33', '2023-04-28 13:51:48');
INSERT INTO `job` VALUES ('1645763593028886529', 1254, '1645339056290263042', '餐饮储备店长', '[\"服务业\",\"餐饮\",\"餐饮店长\"]', '学历不限', 7, 10, 12, '[\"福建省\",\"福州市\"]', '[\"119.305471\",\"26.086767\"]', '麦当劳(福州东街餐厅)', NULL, '[\"餐厅运营\",\"门店运营管理\",\"全勤奖\",\"八小时工作制\",\"单位体检\",\"带薪年假\",\"年底双薪\",\"五险一金\"]', '[\"五险一金\",\"补充医疗保险\",\"加班补助\",\"年终奖\",\"员工旅游\",\"带薪年假\"]', 0, 1, 0, '<p>储备干部、服务员、品牌大使 我们提供的福利 1、吃货福利❤️：麦当劳周六免费吃！上班期间五折！全国7.5折。 2、潜力能者❤️：明确的未来规划，透明的晋升机会 3、丰厚薪资❤️：五险一金，法定节假日4薪工资，满勤奖金，夜班补贴，薪资每月按时发放 4、工作环境❤️：轻松愉快的上班氛围，岗位不会没关系，我们有手把手带你的教练。 5、上班时间❤️：根据你提供的班段，你想上班的时间段都能商量！ 我们需要你： 1、开朗积极，好学多问❤️ 2、机敏灵活，具有较强的沟通协调能力❤️ 3、有责任心、有耐心。❤️ 我们的工作内容： 大堂款待顾客的小能手、厨房的做汉堡达人、柜台的备餐侠、办生日会和小朋友一起玩的粉红姐姐……总有适合你的一种！</p><p><br></p><h3>薪资详情</h3><p>薪资范围：7000-10000元/月<br>发薪日：31日<br>底薪：6900元/月<br>社保类型：五险一金<br>奖金补贴：餐补，夜班补助，加班费，绩效奖金，全勤奖</p>', '2023-04-11 20:19:52', '2023-04-14 12:48:16');
INSERT INTO `job` VALUES ('1645765014688227329', 1254, '1645339056290263042', '设备清洁维保人员', '[\"服务业\",\"安保/家政/维修\",\"保洁\"]', '学历不限', 3, 4, 12, '[\"福建省\",\"福州市\"]', '[\"119.351772\",\"25.721522\"]', '麦当劳(福和万达店)', NULL, '[\"全职\",\"五险一金\"]', '[\"加班补助\",\"五险一金\",\"节日福利\"]', 3, 1, 0, '<p>1.负责餐厅设备清洁保养，会有专门训练<br>2.可接受在福清周边多家餐厅进行工作<br>3.晚班（22:00-03:00）</p><p><br></p><h3>薪资详情</h3><p>薪资范围：3000-4000元/月<br>社保类型：五险一金</p>', '2023-04-11 20:25:31', '2023-04-28 13:51:20');
INSERT INTO `job` VALUES ('1645787766035845121', 1256, '1645339056290263042', '值班主管 (MJ061344)', '[\"服务业\",\"餐饮\",\"前厅经理/领班\"]', '学历不限', 4, 5, 13, '[\"福建省\",\"福州市\"]', '[\"119.252238\",\"26.036594\"]', '麦当劳(福州凤岗路餐厅)', NULL, '[\"餐饮管理\"]', '[\"加班补助\",\"五险一金\",\"节日福利\"]', 0, 1, 0, '<p><span style=\"color: rgb(51, 51, 51); background-color: rgb(255, 255, 255); font-size: 15px;\">岗位要求：<br>- 大专或高中以上学历<br>- 良好的顾客服务意识和沟通能力<br>- 良好的领导意愿和团队合作精神<br>- 自我激励且具有不断学习的能力<br>- 诚信正直、乐观积极，责任感强<br>- 喜欢快节奏的工作并能适应轮班<br>职位描述：<br>- 跟着餐厅带训老师学习餐厅的基础岗位以及管理事宜 ，希望能通过2-3年的学习后成长为独立运营一家餐厅的餐厅总经理。<br>工作职责：<br>- 从实地训练、区域管理及铺面管理，学习基本的餐厅营运知识<br>- 管理指定值班的员工、产品及设备，以达到五星的质量、服务，清洁及物超所值<br>- 维护并提升顾客满意度<br>- 对基本监督、人际关系、人际沟通及跟进技巧作出了解<br>- 确保众雇员在一个相互尊重的环境下工作<br>晋升通道：<br>- 参加餐厅管理课程，而且这是免费且带薪的；拥有一个广阔的晋升前景；获得很多受益终生的技能；与团队一起参与充满乐趣的活动；更有机会前往麦当劳汉堡大学就读课程<br>- 计时经理入职后逐步晋升为餐厅总经理以及更高的职位。</span></p>', '2023-04-11 21:55:55', '2023-04-14 12:48:16');
INSERT INTO `job` VALUES ('1645802629235859457', 1260, '1645339288159776769', '测试开发', '[\"技术\",\"测试\",\"测试工程师\"]', '本科', 20, 40, 12, '[\"浙江省\",\"杭州市\"]', '[\"120.025512\",\"30.278915\"]', '阿里巴巴西溪A区', NULL, '[\"安全测试\",\"接口测试\",\"Android\",\"Java\",\"Python\",\"白盒测试\",\"自动化测试\",\"测试开发\"]', '[\"补充医疗保险\",\"五险一金\",\"定期体检\",\"带薪年假\",\"员工旅游\",\"免费班车\",\"股票期权\",\"餐补\",\"通讯补贴\"]', 30, 1, 0, '<p><span style=\"color: rgb(51, 51, 51); background-color: rgb(255, 255, 255); font-size: 15px;\">团队介绍：<br>阿里巴巴集团技术风险部作为承接世界顶尖电商平台、云计算平台、本地生活平台等高度复杂系统稳定性的团队，致力于保障天猫、淘宝、阿里云等阿里巴巴旗下各生产环境的高可用以及资金零差错。如何保障客户、公司、合作伙伴系统高于99.99%的可用性以及无资金差错，是我们面临的巨大挑战。传统的运维思路和文化无法彻底解决稳定性问题，需要建设体系化的技术风险防控能力管理风险，为此我们打造了直接隶属阿里巴巴集团CTO的技术风险团队。团队一方面围绕电商、云计算、本地生活、广告搜索等丰富的业务形态，解决高速发展中的风险防控问题，另一方面围绕故障快速发现、自动定位、自愈、演练、变更风控和红蓝攻防等方面建设平台能力，经过多年的建设沉淀打造出一整套技术风险防控和稳定性建设的解决方案，将阿里巴巴集团整个分布式架构和技术风险能力组合在一起。部门技术氛围浓厚，适合有探索精神和挑战前沿的人才，对于致力于从事技术风险防控、系统稳定性、运维、DevOps和SRE方面的同学，这里提供业内最先进的经验，专业的指导和优质的成长环境。<br>岗位描述：<br>1、通过技术手段保障天猫超市、天猫客户端线上系统质量和用户体验；<br>2、借助最前沿的研发技术和理念，通过测试流程、方法和工具创新，努力提升研发的质量和效率；<br>3、带领其他测试开发工程师执行项目测试，包括制定测试计划，分配测试资源，构建测试环境，执行集成测试，回归测试等<br>岗位要求：<br>1、工科、计算机或其他相关专业本科及以上学历；<br>2、熟悉并掌握C/C++/JAVA/Python等至少一种编程语言；<br>3、至少4年以上软件开发、自动化测试工作经验；<br>4、有性能、安全、白盒测试等专业测试领域经验者优先；<br>5、具备Android/IOS无线产品、大数据处理、分布式系统、数据库和网络等业务领域测试经验者优先；<br>6、精通测试流程和测试用例设计方法，能主动进行技术专研；<br>7、具备解决复杂问题和编写自动测试工具和系统的能力；<br>8、很强的逻辑思维能力，谈判的能力和冲突管理的能力；<br>9、善于团队合作，理解和适应变化，以结果和行动为准则，努力追求成功；</span></p>', '2023-04-11 22:54:59', '2023-04-23 16:24:50');
INSERT INTO `job` VALUES ('1645804342835535873', 1260, '1645339288159776769', '阿里巴巴运营', '[\"运营\",\"运营\",\"阿里国际站运营\"]', '本科', 5, 7, 13, '[\"浙江省\",\"杭州市\"]', '[\"120.024938\",\"30.279904\"]', '阿里巴巴西溪A区(A4楼)', NULL, '[\"1688运营\",\"B2B\",\"店铺运营\"]', '[\"加班补助\",\"带薪年假\",\"员工旅游\",\"免费班车\",\"五险一金\",\"补充医疗保险\",\"包吃包住\",\"节日福利\",\"零食下午茶\",\"通讯补贴\"]', 3, 1, 0, '<p>【岗位职责】<br>1、熟悉阿里巴巴平台的运营规则。根据公司需要，制订推广计划并执行，完成运营销售目标；<br>2、熟练使用阿里巴巴营销工具进行产品及店铺推广，并善于总结经验，为达到销售目标提供决策;<br>3、负责每日店铺数据的监控，进行各项分析，并及时改进。<br>4、可以对行业不熟悉但是愿意沉下心去学习行业知识。<br>5、积极参加各项线上线下的运营知识培训，提升自己。<br><br>任职资格：<br>1、要求懂电商，有1688运营经验。<br>2、精通阿里巴巴店铺运营中涉及的后台操作。<br>3、熟悉阿里巴巴各类活动，能够跟进平台各种官方推广活动的执行；<br>4、有自主学习的能力，合理的沟通能力。<br><br>薪资：底薪4000-6000+店铺提成</p>', '2023-04-11 23:01:47', '2023-05-03 14:38:14');
INSERT INTO `job` VALUES ('1645805157772025858', 1260, '1645339288159776769', '数据分析工程师', '[\"技术\",\"数据\",\"数据分析师\"]', '硕士', 11, 22, 15, '[\"浙江省\",\"杭州市\"]', '[\"120.028907\",\"30.279404\"]', '阿里巴巴西溪A区(A7楼)', NULL, '[\"BI\",\"SQL\",\"数据开发\",\"ETL\",\"数据挖掘\",\"数据分析\"]', '[\"五险一金\",\"定期体检\",\"加班补助\",\"年终奖\",\"带薪年假\",\"员工旅游\",\"餐补\",\"股票期权\",\"节日福利\",\"零食下午茶\"]', 1, 1, 0, '<p><span style=\"color: rgb(51, 51, 51); background-color: rgb(255, 255, 255); font-size: 15px;\">职务要求：<br>1、1-5年以上算法或数据挖掘分析岗位，具备数据开发、数据分析、风险数据化管理能力为佳；<br>2、具备业务顶层设计及统筹复杂项目经验，善于沟通及协调，逻辑性强，有框架性思维和结构化能力；<br>3、数据分析能力强，业务理解力和数据敏感度强，熟练运用SQL，能从海量数据提炼核心数据指标为管理提供决策依据；<br>4、学习能力强，钻研和思考业务突破点；<br>5、独立统筹和实操过多个大型数据项目；<br>期望候选人背景：BI、ETL、算法经验，</span></p>', '2023-04-11 23:05:01', '2023-04-14 15:31:43');
INSERT INTO `job` VALUES ('1645807063936393218', 1261, '1645339288159776769', '【阿里巴巴】国际化中台测试工程师', '[\"技术\",\"测试\",\"测试工程师\"]', '本科', 13, 20, 18, '[\"福建省\",\"厦门市\"]', '[\"118.159112\",\"24.528371\"]', '阿里巴巴探迹科技厦门运营中心', NULL, '[\"测试开发\",\"测试\",\"自动化测试\",\"软件测试\"]', '[\"补充医疗保险\",\"五险一金\",\"定期体检\",\"加班补助\",\"年终奖\",\"带薪年假\",\"员工旅游\",\"节日福利\",\"零食下午茶\",\"交通补助\",\"通讯补贴\"]', 0, 1, 0, '<p><span style=\"color: rgb(51, 51, 51); background-color: rgb(255, 255, 255); font-size: 15px;\">岗位描述： <br>我们，捍卫阿里巴巴产品的用户体验！ 我们，梦想做世界级的高效质量团队！ 我们，推行担当、创新、共赢的文化！ 五新战略下的复杂业务场景执行的正确性， 新零售下的千亿级别交易链路的丝般顺滑， 云智能下的用户数字化转型的顺利稳定， 每一个产品背后是我们对完美的坚持！ 云服务、AI算法、IoT等测试方法的创新， 自动化、无人值守、故障演练等测试产品的发展， 用例生成、导购测试、资损防控等AI测试的探索， 每一次测试升级背后需要我们不破不立的勇气！ 来吧，加入我们吧！一起做新时代下世界领先的技术质量人~~</span></p><p><span style=\"color: rgb(51, 51, 51); background-color: rgb(255, 255, 255); font-size: 15px;\"><br>岗位要求 ： <br>1.本科及以上学历，硕士博士优先，计算机、数学、信息管理等相关专业；</span></p><p><span style=\"color: rgb(51, 51, 51); background-color: rgb(255, 255, 255); font-size: 15px;\">2.熟悉C、C++、Java、Python、Perl等至少一种编程语言</span></p><p><span style=\"color: rgb(51, 51, 51); background-color: rgb(255, 255, 255); font-size: 15px;\">3.熟悉软件研发流程，掌握软件测试理论和方法，有设计和开发测试工具和自动化测试框架能力更佳 </span></p><p><span style=\"color: rgb(51, 51, 51); background-color: rgb(255, 255, 255); font-size: 15px;\">4.喜欢钻研技术，对质量捍卫有热情，不断追求产品用户体验的完善 </span></p><p><span style=\"color: rgb(51, 51, 51); background-color: rgb(255, 255, 255); font-size: 15px;\">同时，我们还希望你：</span></p><p><span style=\"color: rgb(51, 51, 51); background-color: rgb(255, 255, 255); font-size: 15px;\">1. 学习能力强，对新事物保有好奇心，并能快速适应新环境 </span></p><p><span style=\"color: rgb(51, 51, 51); background-color: rgb(255, 255, 255); font-size: 15px;\">2. 良好的沟通能力和团队协同能力；能与他人合作，共同完成目标 </span></p><p><span style=\"color: rgb(51, 51, 51); background-color: rgb(255, 255, 255); font-size: 15px;\">3. 对所在领域有热情，相信方法总比困难多，善于独立思考并反思总结 还在犹豫什么？我们期待着你的加入</span></p>', '2023-04-11 23:12:36', '2023-04-14 12:48:16');
INSERT INTO `job` VALUES ('1645807620998684673', 1261, '1645339288159776769', 'Java开发工程师', '[\"技术\",\"后端开发\",\"Java\"]', '本科', 19, 22, 15, '[\"浙江省\",\"杭州市\"]', '[\"120.028764\",\"30.278433\"]', '阿里巴巴西溪A区(A8楼)', NULL, '[\"大数据\",\"人工智能\",\"供应链\",\"后端开发\",\"软件工程师\"]', '[\"定期体检\",\"年终奖\",\"补充医疗保险\",\"五险一金\",\"加班补助\",\"带薪年假\",\"免费班车\",\"包吃\",\"交通补助\",\"餐补\",\"节日福利\",\"零食下午茶\"]', 7, 1, 0, '<p><span style=\"color: rgb(51, 51, 51); background-color: rgb(255, 255, 255); font-size: 15px;\">阿里数字供应链招聘啦～<br>真海量HC，我们团队目标今年要招6个实习生（6个秋招hc）！！！<br>实习转正占据了大部分HC，秋招很少招人的，我们大团队去年的实习生全都转正了，转正率100%，并且秋招没有HC的，实习招聘是一次很好的机会！！<br>关于我们部门：<br>数字供应链事业部，是支撑 阿里巴巴新零售业务体系的供应链产品技术平台的建设者。我们承担着打造服务于阿里新零售生态的精准、智能、敏捷的供应链体系的使命。在这里，你将有机会运用互联网创新技术、大数据与人工智能技术，重新定义众多行业，重塑影响着所有人生活的零售体系。未来我们将担负起整合社会化供应链资源，持续解决产业痛点，服务全球20 亿消费者， 1000 万中小企业的重任。<br>关于我们团队：<br>我们是供应链库存团队，支撑天猫超市、盒马、天猫国际、 阿里健康、LAZADA等多个业务，是整个部门最为核心的团队之一，每年大促都是整个部门强保障的团队，机会多，挑战大。<br>职位招聘2-7人</span></p>', '2023-04-11 23:14:49', '2023-04-26 14:43:57');
INSERT INTO `job` VALUES ('1645808752311525378', 1262, '1645339288159776769', '阿里巴巴国际站-初级客户助理', '[\"销售\",\"销售行政/商务\",\"销售助理\"]', '本科', 12, 20, 14, '[\"福建省\",\"福州市\"]', '[\"119.31181\",\"26.070138\"]', '平安大厦(五一中路)', NULL, '[\"销售专员\",\"初级销售\",\"销售经理\"]', '[\"五险一金\",\"加班补助\",\"节日福利\",\"零食下午茶\",\"定期体检\",\"年终奖\",\"带薪年假\"]', 0, 1, 0, '<p>业务介绍：阿里巴巴国际贸易事业部（ICBU）是阿里巴巴最早的一个事业部（诞生于2000年），持续成为集团现金奶牛业务之一创造利润，基于“阿里巴巴国际站www.Alibaba.com”电子商务贸易平台，围绕营销商业与服务商业双飞轮商业体系，构建基于“获客、转化、交付、合规” 数字化的服务能力体系，为中国30万中小外贸商家提供端到端最具确定性的数字化外贸服务（ 包括会员产品、广告产品、供应链产品等 ） ，持续帮助客户实现经营价值和企业成长。<br>我们的团队：中供团队被马云誉为“阿里铁军”，被业界誉为互联网人才的“黄埔军校”，为阿里巴巴集团乃至中国互联网行业输送了大量高级人才。例如阿里巴巴诸多高管：彭蕾、戴珊、蒋芳、孙彤宇、蔡崇信等、前美团COO干嘉伟、滴滴创始人程维都出自这支队伍。<br>你将收获：最专业的跨境外贸业务商业经营体系，与一群有情有义的同事和具备创业精神的客户共同成长。<br>1、负责B类外贸客户开发和服务，通过电话leads，客户拜访，市场活动覆盖等方式和客户达成合作，完成新签客户数和续签的业务目标；<br>2、分析客户需求，洞察市场及行业趋势，为客户提供针对性的互联网产品及服务（会员产品、广告产品、资金物流产品、SaaS企业管理产品等） ，提升客户效果和黏性；<br>3、根据客户发展阶段，整合资源提供线上线下客户诊断服务，陪伴客户公司长期发展，提升客户公司业务经营能力及组织快速发展；<br>4、持续挖掘客户外贸业务经营发展、供应链履约服务需求，推动阿里巴巴外贸整体解决方案的本地化服务。<br>职位要求<br>1、1年以上互联网行业相关工作经验，有B端客户开发服务经验，数据化运营经验，有业务数据产品、B2B营销平台运营经验尤佳；<br>2、具备清晰的数据化运营思路和体系化思维，能够将想法快速落地，有突出的拿结果能力，有营销策划工作经验者优先；<br>3、资源整合能力强，有较强的市场或行业的分析能力和产品意识，以客户需求为中心，解决客户问题;有渠道运营经验优先；<br>4、有很强的沟通、协调、推进能力，创新学习能力强；有很好的抗压能力，能够有效的组织和推进外联合作。</p><p><br></p><h3>薪资详情</h3><p>薪资范围：12000-24000元/月<br>底薪：8500元/月</p>', '2023-04-11 23:19:18', '2023-04-14 12:48:16');
INSERT INTO `job` VALUES ('1645974949136957442', 1263, '1645339396007915521', '后台开发工程师', '[\"技术\",\"后端开发\",\"后端开发\"]', '本科', 15, 30, 14, '[\"福建省\",\"厦门市\"]', '[\"118.184503\",\"24.487728\"]', '厦门市软件园望海路14号楼', NULL, '[\"后端开发\",\"Linux\",\"网络协议\"]', '[\"五险一金\",\"补充医疗保险\",\"定期体检\",\"加班补助\",\"年终奖\",\"带薪年假\",\"员工旅游\",\"零食下午茶\",\"节日福利\"]', 332, 1, 0, '<p><span style=\"color: rgb(51, 51, 51); background-color: rgb(255, 255, 255); font-size: 15px;\">岗位职责:<br>负责四层加速产品的架构设计以及性能优化； <br>负责参与相关产品需求讨论，网络加速核心技术的研究与实现； <br>负责版本迭代开发工作； <br>负责系统设计开发以及运营支撑系统开发工作。<br>岗位要求： <br>计算机相关专业，本科及以上学历； <br>熟悉Unix/Linux环境下开发，熟悉go/python/java/c++其中至少一门语言<br>有大容量、高性能、高可靠、分布式系统的设计开发经验； <br>精通网络协议、协议栈，熟悉网络编程，熟悉一款网络抓包工具的使用；<br>具备良好的分析解决问题能力和抗压能力，优秀的抽象能力；<br>有优秀的沟通和推动能力，工作细心认真，有较强的逻辑思维能力，主动思考总结、勇于创新与持续优化；<br>有相关网络加速研发或网络运营经验优先</span></p>', '2023-04-12 10:19:43', '2023-05-01 17:07:48');
INSERT INTO `job` VALUES ('1645975512226463745', 1263, '1645339396007915521', 'python后台开发工程师', '[\"技术\",\"后端开发\",\"Python\"]', '本科', 8, 14, 13, '[\"福建省\",\"厦门市\"]', '[\"118.139359\",\"24.617153\"]', '腾讯云计算(厦门)有限责任公司', NULL, '[\"后台开发\",\"python\",\"Linux\",\"分布式技术\"]', '[\"五险一金\",\"补充医疗保险\",\"定期体检\",\"加班补助\",\"年终奖\",\"通讯补贴\",\"零食下午茶\",\"节日福利\"]', 34, 1, 0, '<p><span style=\"color: rgb(51, 51, 51); background-color: rgb(255, 255, 255); font-size: 15px;\">岗位职责:<br>负责四层加速产品的架构设计以及性能优化； <br>负责参与相关产品需求讨论，网络加速核心技术的研究与实现； <br>负责版本迭代开发工作； <br>负责系统设计开发以及运营支撑系统开发工作。<br>岗位要求： <br>计算机相关专业，本科及以上学历； <br>熟悉Unix/Linux环境下开发，熟悉python， 熟悉go<br>有大容量、高性能、高可靠、分布式系统的设计开发经验； <br>精通网络协议、协议栈，熟悉网络编程，熟悉一款网络抓包工具的使用；<br>具备良好的分析解决问题能力和抗压能力，优秀的抽象能力；<br>有优秀的沟通和推动能力，工作细心认真，有较强的逻辑思维能力，主动思考</span></p>', '2023-04-12 10:21:57', '2023-05-01 13:14:10');
INSERT INTO `job` VALUES ('1645976392153694210', 1263, '1645339396007915521', '教育企业解决方案', '[\"技术\",\"运维/技术支持\",\"运维工程师\"]', '本科', 8, 13, 15, '[\"福建省\",\"厦门市\"]', '[\"118.187793\",\"24.481998\"]', '厦门市软件园2期', NULL, '[\"系统运维\",\"Docker\"]', '[\"补充医疗保险\",\"五险一金\",\"定期体检\",\"加班补助\",\"年终奖\",\"通讯补贴\"]', 0, 1, 0, '<p><span style=\"color: rgb(51, 51, 51); background-color: rgb(255, 255, 255); font-size: 15px;\">岗位描述<br>1、为教育企业类客户提供技术咨询服务，开拓并服务教育企业类客户； <br>2、深入理解教育企业类客户业务对云产品的需求，理解云产品原理及物特点，分析其快速发展过程中，所遇到的挑战和未来的方向； <br>3、了解教育类客户业务场景 ，并可针对教育企业类客户业务场景，为客户规划基于腾讯云基础产品及行业产品的架构方案； <br>4、在具体工作中总结提炼行业、技术方案以及成功案例等材料，更新维护及相关的布道工作，提升行业影响力。<br>岗位要求<br>1、本科或以上学历，有3年以上服务端开发、运维经验，熟悉Java/Scala/Python/PHP/C/C++至少一种开发语言以及对应开发框架优先，熟悉高并发处理机制，有海量业务的架构、研发、运维、优化经验；<br>2、熟悉教育企业业务优先，并能对教育企业类客户业务架构组成进行需求分析，同时能针对云计算产品规划出云解决方案，针对云上架构进行优化设计；<br>3、有成功的大型应用经验，有面向客户沟通交流、调研需求、宣讲架构的能力，有容器、微服务经验优先； <br>4、熟悉Hadoop、Mysql、PostgreSQL、NoSQL、Oracle、Teradata、DB2等数据库中至少一种数据中心建设方案，可以进行产品的独立部署、高可用架构和性能优化，熟悉开源社区解决方案。 <br>5、熟悉网络架构、虚拟化、容器服务、分布式存储，深入理解IT基础设施领域，如服务器、网络设备的技术和架构，有IT交付经验优先。有和ISV管理合作经验优先；<br>备注：此岗位为腾讯子公司编制岗位</span></p>', '2023-04-12 10:25:27', '2023-04-14 12:48:16');
INSERT INTO `job` VALUES ('1645977185913143297', 1263, '1645339396007915521', '地图web前端开发', '[\"技术\",\"前端开发\",\"前端开发工程师\"]', '本科', 8, 12, 15, '[\"福建省\",\"厦门市\"]', '[\"118.116664\",\"24.432027\"]', '腾讯厦门软件园一期办事处', NULL, '[\"JavaScript\",\"React\",\"Vue\"]', '[\"五险一金\",\"补充医疗保险\",\"定期体检\",\"加班补助\",\"带薪年假\",\"年终奖\",\"零食下午茶\",\"节日福利\",\"股票期权\"]', 6, 1, 0, '<p><span style=\"color: rgb(51, 51, 51); background-color: rgb(255, 255, 255); font-size: 15px;\">岗位职责:<br>1、负责腾讯地图跨平台hybrid、React Native功能开发；<br>2、负责腾讯地图小程序、公众号、运营活动等Web前端页面的开发；<br>3、负责腾讯地图增长平台、研发运营平台、发布平台、内容运营平台等内部系统的开发；<br>4、负责腾讯地图nodeJs后台服务的开发。<br>岗位要求:<br>1、2年以上前端开发工作经验； 精通javascript、HTML5、CSS3等开发语言，并具备丰富的相关开发经验；<br>2、对主流前端框架（ React/Vue/Angular 等）至少一种有深入应用并理解其设计原理；<br>3、具备丰富移动端web开发或小程序开发的实际经验和案例,熟练掌握Node.js服务端开发，有实际项目经验;<br>4、对web前端的性能优化以及web常见漏洞有一定的理解和相关实践；<br>5、具备丰富的前端行业知识，了解各相关领域的前沿信息，了解最新前端技术的设计和实现原理，并能灵活在工作中进行应用；<br>6、具备良好的分析解决问题能力，能独立承担任务，有开发进度把控能力。<br>注：此岗位为腾讯集团旗下子公司编制岗位。</span></p>', '2023-04-12 10:28:36', '2023-05-01 13:01:54');
INSERT INTO `job` VALUES ('1645977825099907074', 1263, '1645339396007915521', 'c++后台开发工程师', '[\"技术\",\"后端开发\",\"C++\"]', '本科', 12, 15, 16, '[\"福建省\",\"厦门市\"]', '[\"118.138539\",\"24.613023\"]', '美峰创谷营销中心', NULL, '[\"c++\",\"Linux\",\"分布式技术\",\"Go\"]', '[\"五险一金\",\"补充医疗保险\",\"定期体检\",\"加班补助\",\"年终奖\",\"带薪年假\",\"通讯补贴\",\"餐补\",\"股票期权\",\"零食下午茶\",\"节日福利\"]', 1, 1, 0, '<p><span style=\"color: rgb(51, 51, 51); background-color: rgb(255, 255, 255); font-size: 15px;\">岗位职责:<br>负责四层加速产品的架构设计以及性能优化； <br>负责参与相关产品需求讨论，网络加速核心技术的研究与实现； <br>负责版本迭代开发工作； <br>负责系统设计开发以及运营支撑系统开发工作。<br>岗位要求： <br>计算机相关专业，本科及以上学历； <br>熟悉Unix/Linux环境下开发，熟悉STL， 熟悉go/c++； <br>有大容量、高性能、高可靠、分布式系统的设计开发经验； <br>精通网络协议、协议栈，熟悉网络编程，熟悉一款网络抓包工具的使用；<br>具备良好的分析解决问题能力和抗压能力，优秀的抽象能力；<br>有优秀的沟通和推动能力，工作细心认真，有较强的逻辑思维能力，主动思考</span></p>', '2023-04-12 10:31:08', '2023-04-14 15:22:40');
INSERT INTO `job` VALUES ('1645980870630178817', 1264, '1645339396007915521', '后台开发工程师', '[\"技术\",\"后端开发\",\"后端开发\"]', '本科', 7, 13, 14, '[\"福建省\",\"福州市\"]', '[\"119.21848\",\"26.04147\"]', '腾讯公司', NULL, '[\"MySQL\",\"后台开发\",\"C++\",\"JAVA\",\"Golang\"]', '[\"五险一金\",\"补充医疗保险\",\"定期体检\",\"加班补助\",\"年终奖\",\"节日福利\",\"零食下午茶\"]', 0, 1, 0, '<p><span style=\"color: rgb(51, 51, 51); background-color: rgb(255, 255, 255); font-size: 15px;\">##岗位要求 <br>1.两年及以上互联网相关领域的设计和开发经验，熟悉互联网相关系统、服务的架构设计；<br>2.熟悉MySQL/SQL Server/PostgreSQL/Oracle/Greenplum/ClickHouse/GaussDB中的一种，熟悉它们的运行机制和原理;<br>3.精通C/C++/Golang/Java程序开发(至少一种)，熟悉Linux/Unix开发环境，对网络、存储、虚拟化技术有一定了解；<br>4.有相关数据库内核开发经验优先；<br>5.有Docker、K8S、OpenStack、Serverless等云原生相关开发经验优先；<br>6.有分布式、高并发项目开发经验优先;<br>7.有云计算、电商、大型互联网从业经验者优先;<br>8.超强的学习欲望，具有主动服务、沟通、自驱能力;<br>##岗位职责<br>此岗位为腾讯集团旗下全资子公司编制岗位， 通过腾讯云从业资格证或同等资格认证的优先录取。 <br>1.负责腾讯云开源和自研数据库（OLTP/OLAP）的架构设计和后台研发工作；<br>2.负责腾讯云数据库业务系统、管控相关开发工作；<br>3.负责腾讯云数据库稳定性优化、性能调优等工作。</span></p>', '2023-04-12 10:43:15', '2023-04-14 12:48:16');
INSERT INTO `job` VALUES ('1645981565915758594', 1264, '1645339396007915521', 'Golang', '[\"技术\",\"后端开发\",\"Golang\"]', '本科', 10, 16, 14, '[\"福建省\",\"福州市\"]', '[\"119.218054\",\"26.041385\"]', '腾讯云启产业基地(福州)', NULL, '[\"分布式技术\",\"初级软件工程师\",\"Linux\",\"后端开发\"]', '[\"五险一金\",\"补充医疗保险\",\"定期体检\",\"加班补助\",\"零食下午茶\",\"通讯补贴\",\"餐补\",\"股票期权\"]', 0, 1, 0, '<p><span style=\"color: rgb(51, 51, 51); background-color: rgb(255, 255, 255); font-size: 15px;\">岗位职责：<br>1、负责广告算法平台的开发<br>2、负责推荐系统周边相关的组件设计与开发； <br>3、负责推荐业务支持； <br>4、参与分布式大数据系统开发；计算性能调优； 高性能服务框架设计与开发；<br>5、参与项目的架构设计、评审、技术攻坚及优化； <br>6、参与系统文档的撰写、维护。<br>岗位要求：<br>1、计算机或相关专业本科及以上学历；<br>2、精通C/C++和/或Java语言；熟练掌握系统知识，熟悉问题定位排查 ；<br>3、两年及以上Linux/Unix系统下开发经验，有大数据平台开发或高性能网络系统方面相关工作经验；<br>4、熟悉网络服务程序开发，熟悉高并发、高性能、分布式系统设计；<br>5、熟悉至少一种脚本语言，如shell、python等；掌握常用linux命令；<br>6、具备良好的沟通表能力和团队合作精神，有责任心，能承受一定强度的工作压力；<br>7、有推荐相关工作经验者优先，熟悉大数据平台相关技术，有相关经验者为佳；<br>8、熟悉NoSQL，如leveldb/memcache/redis更优；<br>9、熟悉TCP/IP、HTTP等通信协议，具有Socket网络编程和大规模并发服务器开发经验优先；<br>10、具备较强沟通能力、良好表述能力、团队合作能力，软件知识结构全面，基本功扎实</span></p>', '2023-04-12 10:46:00', '2023-04-14 12:48:16');
INSERT INTO `job` VALUES ('1645982636419579906', 1264, '1645339396007915521', 'java研发工程师', '[\"技术\",\"后端开发\",\"Java\"]', '本科', 6, 14, 14, '[\"福建省\",\"福州市\"]', '[\"119.337154\",\"26.056704\"]', '腾讯众创空间(福州)', NULL, '[\"后端工程师\",\"Java\",\"MySQL\",\"计算机/软件工程相关经验\",\"Java开发经验\",\"大数据处理经验\",\"Flink\",\"大数据\",\"Hadoop\"]', '[\"五险一金\",\"补充医疗保险\",\"定期体检\",\"加班补助\",\"年终奖\",\"带薪年假\",\"股票期权\",\"零食下午茶\",\"节日福利\"]', 3, 1, 0, '<p><span style=\"color: rgb(51, 51, 51); background-color: rgb(255, 255, 255); font-size: 15px;\">岗位职责：<br>负责CSIG安全合规数据中台的研发工作，分析系统相关需求、设计技术架构、落地技术方案；<br>挖掘系统性能、稳定性、可靠性等潜在风险并跟进优化，持续保障和提升产品质量；<br>结合业务场景提供必要的技术支持，助力数据中台能力在业务的落地。<br>注：此岗位为腾讯集团旗下子公司编制岗位<br>岗位要求：<br>计算机或软件相关专业，本科及以上学历，具备扎实的计算机和软件技术基础；<br>熟悉掌握java编程语言，有高并发场景下的系统设计经验；<br>熟练使用mysql/redis等数据库，有mysql性能调优经验；熟悉ELK、kafka、flink、doris等，有大数据平台开发经验者优先；<br>具有良好的代码风格、接口设计规范；<br>在性能优化、持续集成、静态分析、框架设计和分布式系统等领域中，有涉及到一项或多项相关的实践经验；<br>在项目管理、配置管理、CI/CD、devops、workflow等一到多个领域有实践及推动经验者优先；<br>热爱学习，具有自我持续优化的驱动力，熟悉docker、K8s、cloudnative、微服务并有实践者更佳；<br>熟悉云计算产品，有相关从业经验者优先；<br>具备良好的团队合作精神，善于协调沟通，具备较强的问题定位和推动解决能力。</span></p>', '2023-04-12 10:50:16', '2023-04-26 14:44:06');
INSERT INTO `job` VALUES ('1646014724975886338', 1265, '1645339616334704642', '网龙招聘电工', '[\"生产制造\",\"技工/普工\",\"电工\"]', '学历不限', 4, 7, 13, '[\"福建省\",\"福州市\"]', '[\"119.7001\",\"25.95985\"]', '网龙网络科技有限公司', NULL, '[\"电机修理电工\",\"电工操作证\"]', '[\"五险一金\",\"补充医疗保险\",\"免费班车\",\"节日福利\",\"加班补助\"]', 69, 1, 0, '<p><span style=\"color: rgb(51, 51, 51); background-color: rgb(255, 255, 255); font-size: 15px;\">福州地区面试的人员<br>方案①： 可在9：00时乘坐班车。<br>方案②：地铁路线 1号线→6号线（万寿站）→624/642（海西动漫城站）→步行800米（数字教育小镇）<br>一、工作内容<br>机电设备、消防泵房、电梯、泳池、办公区等区域设备使用情况<br>二、工作地点及时间<br>长乐-网龙网络公司<br>8：30-17：30 周末双休<br>四、岗位福利<br>1、**********；<br>2、每个月提供餐补，免费提供住宿（按级别提供集体宿舍、公寓式宿舍，独立卫生间、阳台、厨房，配空调、滚筒洗衣机、冰箱、50寸液晶电视、独立的wifi等电器设备）；<br>3、完善的员工生活设施（配有4个泳池，网球场、篮球场、沙滩排球场、足球场、壁球室、搏击台、员工电影院、瑜珈教室、健身房等）；<br>4、丰富的员工活动安排（生日会、节日晚会、系列文体比赛等）；<br>5、免费为员工提供入职体检、年度体检；<br>6、每天免费提供多趟次的班车往返于福州、长乐。<br>原标题：《物业电工（白班周末双休）》</span></p>', '2023-04-12 12:57:46', '2023-04-23 15:41:24');
INSERT INTO `job` VALUES ('1646015306692296705', 1265, '1645339616334704642', '兽医助理', '[\"农/林/牧/渔\",\"畜牧/渔业\",\"畜牧兽医\"]', '大专', 4, 5, 13, '[\"福建省\",\"福州市\"]', '[\"119.698456\",\"25.959569\"]', '海西动漫城接待中心', NULL, '[\"宠物医生\",\"兽医\"]', '[\"五险一金\",\"加班补助\",\"年终奖\",\"带薪年假\",\"包吃包住\",\"节日福利\"]', 1, 1, 0, '<p><span style=\"color: rgb(51, 51, 51); background-color: rgb(255, 255, 255); font-size: 15px;\">1、协助上级进行动物区域的环境管理及对动物的防疫、诊疗工作；<br>2、协助上级负责动物场地的安全、防疫、防火等工作；<br>3、做好各动物场所的日常巡查工作；<br>4、协助上级做好上传下达工作，并完成上级交派的其他任务</span></p>', '2023-04-12 13:00:05', '2023-04-16 15:02:53');
INSERT INTO `job` VALUES ('1646015798835150850', 1265, '1645339616334704642', '游戏交互设计师', '[\"设计\",\"游戏设计\",\"游戏界面设计师\"]', '大专', 11, 15, 13, '[\"福建省\",\"福州市\"]', '[\"119.313863\",\"26.090707\"]', '网龙网络公司', NULL, '[\"交互体验设计\",\"Axure\"]', '[\"五险一金\",\"补充医疗保险\",\"定期体检\",\"加班补助\",\"包吃包住\",\"节日福利\",\"零食下午茶\",\"交通补助\"]', 0, 1, 0, '<p><span style=\"color: rgb(51, 51, 51); background-color: rgb(255, 255, 255); font-size: 15px;\">一、岗位职责<br>1.根据项目需求，制作相关游戏功能的交互设计方案；<br>2.与程序，策划，美术沟通配合，对游戏中各个交互模块设计实现跟进；<br>3.对现有产品进行可用性测试，提出改进方案，持续优化游戏体验。<br>二、任职要求<br>1.大专（含）以上学历，工业设计，信息艺术设计，计算机等相关专业；<br>2.良好的逻辑思维能力，善于沟通表达；<br>3.熟练使用设计工具（如Axure; PS等），掌握线框图，流程图等交互绘制方法；<br>4.富有设计激情，关注细节，学习能力强；英文能力强更佳；<br>5.热爱游戏，具有2年以上的游戏经历，对业界热门产品发展保持关注。</span></p>', '2023-04-12 13:02:02', '2023-04-14 12:48:16');
INSERT INTO `job` VALUES ('1646016495806840833', 1265, '1645339616334704642', '关卡编辑（魔域项目）', '[\"产品\",\"产品经理\",\"游戏策划\"]', '本科', 8, 13, 12, '[\"福建省\",\"福州市\"]', '[\"119.313863\",\"26.090707\"]', '网龙网络公司', NULL, '[\"关卡场景编辑\",\"关卡编辑\"]', '[\"补充医疗保险\",\"加班补助\",\"五险一金\",\"定期体检\",\"通讯补贴\",\"交通补助\",\"节日福利\",\"零食下午茶\"]', 0, 1, 0, '<p><span style=\"color: rgb(51, 51, 51); background-color: rgb(255, 255, 255); font-size: 15px;\">岗位职责：<br>1、根据游戏项目需求与关卡设计方案，规划游戏关卡场景的编辑与制作；<br>2、负责关卡场景元素需求的提出，完成相关内容的管理与审核，并提出合理化建议及规范化需求；<br>3、在关卡设计的指导下完成各类关卡内容元素在编辑器中的整合、配置与提交，并为关卡场景的最终效果负责；<br>4、在关卡设计指导下能够快速使用编辑器产出功能或玩法原型。<br>任职要求：<br>1、本科及以上学历（有下列优先条件者，可放宽至大专学历）；<br>2、以下专业的同学入职后会更快融入我们的团队：<br>A.游戏设计、数字媒体艺术、计算机相关专业<br>B.建筑学、园林学及城市规划等建筑类相关专业<br>C.动画等美术背景相关专业<br>3、至少拥有三年及以上游戏经验，其中主机平台游戏经验优先；<br>4、有以下任一条件者优先：<br>A.使用过3D建模软件（3dsMax、Maya、Blender等等）<br>B.使用过游戏内置编辑器者（如DOTA2编辑器、星际争霸2编辑器、守望先锋地图工坊等）<br>C.使用过U3D\\UE4或其他同级别游戏引擎<br>※上述ABC三点烦请附上作品</span></p>', '2023-04-12 13:04:48', '2023-04-14 12:48:16');
INSERT INTO `job` VALUES ('1646017172381630466', 1265, '1645339616334704642', '工具开发程序员 (数据分析方向)', '[\"技术\",\"数据\",\"数据分析师\"]', '本科', 12, 17, 16, '[\"福建省\",\"福州市\"]', '[\"119.314345\",\"26.092683\"]', '亚太中心', NULL, '[\"分布式技术\"]', '[\"五险一金\",\"补充医疗保险\",\"定期体检\",\"加班补助\",\"年终奖\",\"带薪年假\",\"零食下午茶\"]', 0, 1, 0, '<p><span style=\"color: rgb(51, 51, 51); background-color: rgb(255, 255, 255); font-size: 15px;\">【公司坐标】：福州市区<br>【上班时间】：弹性工作制，周末双休<br>【公司提供福利】：五险一金、公司健身房、食堂、内部水吧、多种多样的内部培训机会、完善的晋升体系、广阔的发展平台等。<br>【岗位职责】<br>1、编码：根据需求文档和系统设计,使用不同开发软件及相应编程规范，在要求的时间和质量范围内,完成需求开发的编码实现，具备界面编程相关知识。<br>2、联调：设计用户交互端口，配合其他程序员，检查功能完成度和完成联调。<br>3、代码REVIEW：根据编码规范，REVIEW代码，完成个人自测。<br>4、改BUG：根据质量体系要求，配合他人或自己查错改错，降低BUG和重复测试次数。<br>5、维护：阅读原有代码，完成程序改造和维护，解决技术故障和消除产品中的缺陷。<br>6、优化：通过算法设计或新技术研发，优化产品性能。<br>【任职要求】<br>1、本科及以上学历，计算机相关专业，具备3年及以上大数据统计分析开发经验；<br>2、精通使用Java编程语言，熟悉Hadoop集群搭建与配置、熟悉ELK、熟悉Flink实时计算框架、理解Flink状态管理、WaterMark、Checkpoint容错机制；<br>3、熟悉Kafka，能与各种数据清洗组件结合一起完成数据的ETL；<br>4、熟悉大数据项目的性能调优以及数据倾斜的解决方案；<br>5、熟悉CDH集群优化与维护者优先，对数据安全有深入了解者优先；<br>6、具有良好的编码规范，为人踏实，有较强的自学能力，有很好的团队合作意识。<br>7、具备良好的沟通表达能力，以及文档的撰写能力。</span></p>', '2023-04-12 13:07:30', '2023-04-14 12:48:16');
INSERT INTO `job` VALUES ('1646020279098408961', 1266, '1645339801341259778', '顺丰速运招聘快递员', '[\"供应链/物流\",\"交通/运输\",\"快递员\"]', '学历不限', 6, 8, 13, '[\"福建省\",\"福州市\"]', '[\"119.296286\",\"26.071285\"]', '汉庭酒店(福州三坊七巷店)', NULL, '[\"全职兼职均可\",\"就近分配\",\"弹性工作制\",\"意外险\"]', '[\"五险一金\",\"补充医疗保险\",\"定期体检\"]', 13, 1, 0, '<p>1、按公司要求完成区域内派件工作；<br>2、端正服务态度，避免客户投诉；<br>3、地点福州台江区宝龙附近<br>4、按票算钱，三天后薪酬马上到账<br>5、吃苦耐劳，多劳多得<br>6、表现优异者，可直接转全职员工，更多更全面的福利待遇<br>7、需自带电动车<br>原标题：《配送员（兼职，日结，区域长期稳定）》</p><p><br></p><h3>薪资详情</h3><p>薪资范围：6000-8000元/月<br>发薪日：3日<br>提成方式：多劳多得</p>', '2023-04-12 13:19:50', '2023-04-23 15:41:35');
INSERT INTO `job` VALUES ('1646020730074169346', 1266, '1645339801341259778', '顺丰速运招聘仓库管理员', '[\"供应链/物流\",\"仓储\",\"仓库管理员\"]', '大专', 4, 6, 12, '[\"福建省\",\"福州市\"]', '[\"119.357279\",\"26.078998\"]', '顺丰速运(后屿路店)', NULL, '[\"五险\",\"有薪年假\"]', '[\"五险一金\",\"补充医疗保险\",\"定期体检\",\"加班补助\",\"年终奖\"]', 0, 1, 0, '<p><span style=\"color: rgb(51, 51, 51); background-color: rgb(255, 255, 255); font-size: 15px;\">职位：顺丰仓管员<br>岗位职责<br>1、入仓操作；<br>2、出仓操作；<br>3、工单处理；<br>4、滞留快件处理；<br>5、处理自取件；<br>6、处理委托件信息；<br>7、操作场地6S管理。<br>【任职要求】<br>1、大专及以上学历，运输、物流管理等相关专业优先；<br>2、有运输、物流企业仓库操作经验者优先，接受应届毕业生；<br>3、熟悉仓库操作及快件流程，有较强的责任心、团队合作意识，服从管理，正直，诚信，能够吃苦耐劳；<br>4、熟练操作WORD、EXCEL、PPT等办公软件；<br>5、能适应早晚班工作。<br>【薪酬福利】<br>1、参考薪资4000-6000元/月，根据件量按考核工资发放；<br>2、享受五险、节假日福利、有薪年假、年终奖励等。<br>我们欢迎曾在顺丰任职的员工回家！职位：顺丰仓管员<br>岗位职责<br>1、入仓操作；<br>2、出仓操作；<br>3、工单处理；<br>4、滞留快件处理；<br>5、处理自取件；<br>6、处理委托件信息；<br>7、操作场地6S管理。<br>【任职要求】<br>1、大专及以上学历，运输、物流管理等相关专业优先；<br>2、有运输、物流企业仓库操作经验者优先，接受应届毕业生；<br>3、熟悉仓库操作及快件流程，有较强的责任心、团队合作意识，服从管理，正直，诚信，能够吃苦耐劳；<br>4、熟练操作WORD、EXCEL、PPT等办公软件；<br>5、能适应早晚班工作。<br>【薪酬福利】<br>1、参考薪资4000-6000元/月，根据件量按考核工资发放；<br>2、享受五险、节假日福利、有薪年假、年终奖励等。<br>我们欢迎曾在顺丰任职的员工回家！<br>原标题：《顺丰仓管员》</span></p>', '2023-04-12 13:21:38', '2023-04-14 12:48:16');
INSERT INTO `job` VALUES ('1646021408498647042', 1266, '1645339801341259778', '网络工程师', '[\"技术\",\"运维/技术支持\",\"网络工程师\"]', '本科', 10, 15, 12, '[\"福建省\",\"厦门市\"]', '[\"118.139281\",\"24.616958\"]', '同安科创中心', NULL, '[\"Zabbix/Prometheus\",\"Ansible\",\"Python\"]', '[\"五险一金\",\"补充医疗保险\",\"定期体检\",\"加班补助\",\"年终奖\",\"交通补助\",\"零食下午茶\",\"节日福利\"]', 0, 1, 0, '<p><span style=\"color: rgb(51, 51, 51); background-color: rgb(255, 255, 255); font-size: 15px;\">工作职责：<br>负责公司内部的网络、客户端、服务器、机房等设备的安装调试和日常运维；负责公司分布式业务系统的升级发布、日常运维；负责IT项目实施、故障调查、技术分析，并提供解决方案或建议；参与系统应急方案的定期演练、执行应急方案，提出优化方案建议；技术文档编写、对用户做现场培训、系统使用指导；处理用户IT问题并实现IT需求。<br>岗位要求：<br>计算机或相关专业本科及以上学历；<br>熟悉常见PC、服务器以及Cisco、华为等网络设备的配置、维护及机房管理；具备较强的学习能力、问题分析能力、沟通能力以及良好的服务意识；<br>熟悉数据库（Oracle、MYSQL、SQLServer一种以上）、Linux（Unix）、Jboss、Weblogic、MQ等；<br>熟悉Python和Web前端及后端开发<br>精通docker容器化技术，如docker file编写<br>熟悉k8s架构设计，k8s各组件部署以及日常排错<br>熟悉zabbix/promethus等监控平台的部署和维护</span></p>', '2023-04-12 13:24:20', '2023-04-14 12:48:16');
INSERT INTO `job` VALUES ('1646022106850263042', 1266, '1645339801341259778', 'Java开发工程师', '[\"技术\",\"后端开发\",\"Java\"]', '本科', 8, 12, 15, '[\"福建省\",\"厦门市\"]', '[\"118.093027\",\"24.511982\"]', '厦门顺丰达物流有限公司', NULL, '[\"Spring\",\"多线程\",\"分布式技术\",\"数据结构\",\"服务器配置\",\"MVC开发\",\"微服务架构\",\"SQL\"]', '[\"五险一金\",\"补充医疗保险\",\"定期体检\",\"加班补助\",\"年终奖\",\"带薪年假\",\"节日福利\",\"零食下午茶\"]', 1, 1, 0, '<p><span style=\"color: rgb(51, 51, 51); background-color: rgb(255, 255, 255); font-size: 15px;\">岗位职责：<br>1、理解业务需求、产品需求，负责需求的开发设计、开发、上线等工作；<br>2、了解公司现有系统，技术栈，负责系统架构升级，实现优化工作；<br>3、负责线上系统开发运维工作；<br>4、积极反馈问题，推进问题解决，对技术、业务相关问题有自己的意见和建议；<br>岗位要求：<br>1、本科及以上学历，计算机或软件工程相关专业，2到3年工作经验优先；<br>2、java编程基础扎实，熟悉java虚拟机原理，java特性和类库，java多线程编程等；<br>3、熟练掌握Spring、Spring MVC、Spring Boot、Mybatis、MySQL、MongoDB、kafka等常用组件，熟悉其实现原理；<br>4、具备微服务、分布式、高并发架构开发经验，具备技术和架构选型能力优先；<br>5、良好的代码习惯，要求结构清晰、命名规范、逻辑性强、代码冗余率低；<br>6、较强的沟通理解能力，抗压能力强，良好的团队协作精神及富有挑战精神</span></p>', '2023-04-12 13:27:06', '2023-04-14 15:25:09');
INSERT INTO `job` VALUES ('1646027805923737601', 1267, '1645340074247843841', '肯德基招聘送餐员', '[\"服务业\",\"餐饮\",\"送餐员\"]', '学历不限', 5, 8, 12, '[\"福建省\",\"福州市\"]', '[\"119.304391\",\"26.068543\"]', '肯德基(福州茶亭餐厅)', NULL, '[\"无传染疾病\",\"系统派单\",\"月结工资\"]', '[\"五险一金\",\"补充医疗保险\",\"定期体检\",\"加班补助\",\"年终奖\",\"带薪年假\",\"零食下午茶\",\"节日福利\",\"交通补助\"]', 47, 1, 0, '<p>塔斯汀中国汉堡招外送骑手，会用导航就行，工作轻松，提供宿舍，提供电动车，医社保都有交。一个月1500单左右，只提供车架，电池需要自己租换电。<br>原标题：《塔斯汀.中国汉堡》</p><p><br></p><h3>薪资详情</h3><p>薪资范围：5000-8000元/月<br>发薪日：20日<br>提成方式：每单提成：5元-6元/单；<br>每天50单-80单；<br>阶梯试奖励，多劳多得<br>（平台提醒：平均月薪=每天单数*每单提成*月工作天数+其他提成/补贴，请仔细确认）</p>', '2023-04-12 13:49:45', '2023-04-23 14:39:28');
INSERT INTO `job` VALUES ('1646033432540610562', 1267, '1645340074247843841', '餐饮储备店长/干部', '[\"服务业\",\"餐饮\",\"餐饮储备店长/干部\"]', '高中', 3, 5, 13, '[\"福建省\",\"福州市\"]', '[\"119.351862\",\"25.72048\"]', '肯德基(福和万达店)', NULL, '[\"全勤奖\",\"五险一金\",\"绩效奖金\",\"餐饮管理\",\"晋升空间大\",\"节假日加班费\",\"免费培训\",\"夜班补助\"]', '[\"五险一金\",\"定期体检\",\"节日福利\",\"带薪年假\"]', 3, 1, 0, '<p>肯德基餐厅值班经理<br>无需工作经验，训练期工资正常发放。<br>工作内容<br>1）基础工作学习：<br>Ø &nbsp;学习时间：1个月<br>Ø &nbsp;按照制式培训规划完成餐厅相应工作站学习；<br>2）管理工作学习：<br>Ø &nbsp;学习时间：1至2个月<br>Ø &nbsp;营销师：线下实体门店基础营销管理学习；<br>Ø &nbsp;营销管家：线上、外送业务营销管理学习，并训练新人。<br>Ø &nbsp;供应专家：产品操作供应链管理，质量管理学习。<br>3）负责餐厅综合值班管理：<br>完成以上学习内容并通过相关鉴定后独立负责统御楼面10-20名员工，对人员、货物、设备、顾客满意、食品安全、销售目标……等，全面负责！<br>我们将提供：<br>1：良好的工作环境，就近分配原则；<br>2：灵活的工作时间，日工作7-8小时，周休两天；<br>3：按劳分配、多劳多得的付薪原则，按小时薪资结算，且满166.67小时可获得工时补贴，月收入2500至3500元左右；<br>4：根据餐厅各项指标及个人工作表现挂钩季度绩效奖金；<br>5：工作日提供内部专享特惠员工餐；<br>6： 按照国家规定签订劳动合同并缴纳完整五险一金及提供更广阔的晋升发展空间。<br>具备以下条件，即可申请升迁到储备经理<br>（月薪3550）：<br>- 28周岁以下，拥有大专及以上学历<br>- 在校生（2023年即将毕业的学生优先）（可供班4-5天/ 周）<br>- 热情开朗，善于与人沟通<br>- 适应倒班和高效的工作环境<br>- 乐于从事连锁餐饮零售业工作职责：您将从事:<br>- 餐厅现场人员管理、订货、排班等助手，协助成本控制,设备维护等营运系统管理工作</p><p><br></p><h3>薪资详情</h3><p>薪资范围：3000-4000元/月<br>发薪日：10日<br>底薪：2500-3500元/月<br>社保类型：五险一金<br>提成方式：多劳多得<br>奖金补贴：夜班补助，加班费，绩效奖金，全勤奖</p>', '2023-04-12 14:12:06', '2023-04-23 14:24:09');
INSERT INTO `job` VALUES ('1646034968696061953', 1267, '1645340074247843841', '肯德基行销专员', '[\"服务业\",\"餐饮\",\"餐饮店长\"]', '大专', 5, 7, 13, '[\"福建省\",\"福州市\"]', '[\"119.26864\",\"26.111268\"]', '肯德基(福州软件大道店)', NULL, '[\"全职\",\"教育服务\",\"休闲娱乐\",\"饮料酒品\"]', '[\"五险一金\",\"补充医疗保险\",\"定期体检\",\"加班补助\",\"节日福利\",\"零食下午茶\"]', 0, 1, 0, '<p>欢迎您投递！可选择离您近的肯德基餐厅入职。全职、兼职均可，每月休息6-8天；兼职工时灵活安排。<br>【工作内容】<br>对客服务类工作：满足顾客需要，给顾客带来完美用餐体验。<br>产品制作类工作：直接参与食品、饮料等多种产品的制作工作，学习国际连锁餐饮的高标准制作工艺。<br>【薪资福利】-全职人员<br>1. 综合时薪约18元，综合薪资3000-4000元/月。<br>2. 入职即享五险一金，法定节假日3倍薪资，5-15天带薪年假。<br>3.每月休息6-8天，可以兼顾家庭，工作与生活两不误。<br>4. 工作期间用餐可享有员工优惠套餐价。<br>5. 圆梦计划助你学历提升，公司提供助学金，边工作边学习，获得国家认可的大专或本科文凭。<br>6. 工作餐厅就近分配。<br>【薪资福利】-兼职人员<br>1. 综合时薪16元左右+早晚班津贴+特殊岗位津贴。法定节假日3倍薪资。<br>2. 弹性安排工作时间，兼顾工作与家庭或者兼顾工作与学习。<br>3. 工作期间用餐可享有员工优惠套餐价。<br>4. 工作餐厅就近分配。<br>【任职资格】<br>1．年龄满18周岁。<br>2．热情开朗，愿意与人沟通，有团队精神。<br>3．适应快节奏、高效的工作环境，并可以适应倒班工作制。<br>4．学生兼职需持有学生证，社会兼职需有缴交社保证明材料。<br></p><h3>薪资详情</h3><p>薪资范围：3000-4000元/月<br>社保类型：五险一金<br>奖金补贴：岗位津贴</p>', '2023-04-12 14:18:13', '2023-04-14 12:48:16');
INSERT INTO `job` VALUES ('1646038151795310593', 1268, '1645340472782221314', 'Java初级开发工程师', '[\"技术\",\"后端开发\",\"Java\"]', '本科', 12, 14, 13, '[\"福建省\",\"福州市\"]', '[\"119.593067\",\"25.875068\"]', '兴业银行(福州滨海支行)', NULL, '[\"Java\"]', '[\"五险一金\",\"补充医疗保险\",\"定期体检\",\"加班补助\",\"年终奖\",\"带薪年假\",\"零食下午茶\",\"节日福利\",\"交通补助\"]', 74, 1, 0, '<p><span style=\"color: rgb(51, 51, 51); background-color: rgb(255, 255, 255); font-size: 15px;\">1）年龄35岁以下，全日制大学本科及以上学历，计算机、数理及相关专业；<br>2）2年以上开发工作经验，参与过大型Java项目的设计、开发工作，具备良好的沟通力、表达力、团队协作力及责任心；<br>3）精通Java语言、J2EE架构及springmvc、springboot、mybatis、hibernate等轻量级开源框架，精通面向对象的系统架构设计，熟悉MySQL、Oracle、Informix等一种及以上数据库；熟悉Spring Cloud或Dubbo微服务框架，有微服务架构系统实施经验者优先；<br>4）熟悉金融或企业财务相关的业务，有参与金融系统开发经验者优先。<br>5）特别优秀者薪资待遇面议</span></p>', '2023-04-12 14:30:51', '2023-05-01 16:57:51');
INSERT INTO `job` VALUES ('1646038730588291073', 1268, '1645340472782221314', 'web前端开发工程师', '[\"技术\",\"前端开发\",\"前端开发工程师\"]', '本科', 11, 16, 14, '[\"福建省\",\"福州市\"]', '[\"119.350334\",\"26.048781\"]', '宝地广场', NULL, '[\"CSS\",\"JavaScript\",\"HTML\"]', '[\"五险一金\",\"补充医疗保险\",\"定期体检\",\"加班补助\",\"年终奖\",\"带薪年假\",\"交通补助\",\"零食下午茶\",\"节日福利\"]', 1, 1, 0, '<p><span style=\"color: rgb(51, 51, 51); background-color: rgb(255, 255, 255); font-size: 15px;\">【岗位职责】<br>1.负责PC与移动 Web前端功能设计、开发与维护；<br>2.负责持续优化前端应用的性能和交互体验；<br>3.负责前端工程化工具开发与整合，通用类库与框架的编写；<br>4.追踪前端技术的发展，结合实际需求进行技术的改进与创新。<br>【任职要求】<br>1.本科及以上学历，计算机相关专业；<br>2.3年以上工作经验，参与过至少一个中型软件和系统的模块开发，或若干小型软件和系统的模块开发；<br>3.熟练掌握 HTML5/CSS3/Javascript/jQuery/React等前端技术；<br>4.熟悉各浏览器间Web标准实现差异，了解响应式与自适应布局；<br>5.熟悉前端模块化、组件化、工程化开发，熟练使用Node开发前端工具；<br>6.熟悉常见Javascript设计模式，了解 MVC/MVP/MVVM等架构模式；<br>7.了解任何一种后台开发语言；<br>8.熟练使用 Git 等版本控制系统；<br>9.较强责任心和团队协作精神，具备独立解决问题能力和不断探索的态度。</span></p>', '2023-04-12 14:33:09', '2023-04-14 15:31:41');
INSERT INTO `job` VALUES ('1646039104489521154', 1268, '1645340472782221314', 'Android 开发工程师', '[\"技术\",\"移动开发\",\"Android\"]', '本科', 14, 18, 16, '[\"福建省\",\"福州市\"]', '[\"119.45582\",\"25.988405\"]', '金海大厦(星兴路)', NULL, '[\"SDK\",\"Kotlin\",\"Hybrid开发\"]', '[\"五险一金\",\"补充医疗保险\",\"定期体检\",\"加班补助\",\"年终奖\",\"带薪年假\",\"零食下午茶\"]', 0, 1, 0, '<p><span style=\"color: rgb(51, 51, 51); background-color: rgb(255, 255, 255); font-size: 15px;\">工作地点：上海/福州/成都/杭州/深圳/北京<br>1. 参与Android APP 的需求分析<br>2. 负责Android APP 的设计和开发工作<br>3. 负责Android APP 的性能调优，故障排查等工作<br>岗位要求：<br>1.数量掌握Android 常用的布局和UI设计规范，对Android控件的理解较深，能够按要求实现自定义UI和功能<br>2. 熟悉Android SDK，熟悉Android平台体系体系结构，了解各版本Android SDK 间的差异。<br>3. 熟悉HTTP协议，对混合开发模式有一定的认识。<br>4. 熟悉Android机型的适配和优化<br>5. 熟悉常用的开源框架，对OKhttp,Retorfit,Rxjava 有一定的认识。<br>6.有金融相关APP开发经验者优先</span></p>', '2023-04-12 14:34:39', '2023-04-14 12:48:16');
INSERT INTO `job` VALUES ('1646039487240732673', 1268, '1645340472782221314', 'C/C++开发工程师', '[\"技术\",\"后端开发\",\"C++\"]', '本科', 12, 20, 15, '[\"福建省\",\"福州市\"]', '[\"119.310984\",\"26.073446\"]', '元洪大厦(南门)', NULL, '[\"C++\",\"C\"]', '[\"五险一金\",\"补充医疗保险\",\"定期体检\",\"加班补助\",\"年终奖\",\"零食下午茶\",\"节日福利\",\"股票期权\",\"带薪年假\"]', 0, 1, 0, '<p><span style=\"color: rgb(51, 51, 51); background-color: rgb(255, 255, 255); font-size: 15px;\">C/C++开发工程师<br>岗位职责：<br>1、负责C/C++类系统需求分析；<br>2、负责C/C++类系统的设计和开发工作；<br>3、负责解决系统运行中的故障和性能问题。<br>岗位要求：<br>1、具备扎实C/C++、Linux基础知识；<br>2、熟悉Linux环境进行C/C++程序开发,掌握shell脚本和makefile编写；<br>3、熟悉Linux IPC、信号等工作机制，了解多进程、多线程的开发方法；熟悉TCP/IP、HTTP、SSL等网络编程；对C开源框架有所了解；<br>4、熟悉主流数据库中的一种或多种,如Oracle、MySQL等；有Oralce pro*c或使用C语言开发过MySQL数据库相关的应用系统经验者优先；<br>5、有Python开发经验者优先；<br>6、有高并发、高负载、高可用性系统设计开发及调优经验优先；<br>7、有银行或金融行业交易类系统开发经验者优先。<br>福利待遇：<br>六险一金，带薪年假，过节福利补贴，公司班车，包三餐，通讯费，完善的员工培训体系等等</span></p>', '2023-04-12 14:36:10', '2023-04-14 12:48:16');
INSERT INTO `job` VALUES ('1646040045309657090', 1268, '1645340472782221314', '福州-初中高级IOS开发工程师', '[\"技术\",\"移动开发\",\"iOS\"]', '本科', 8, 14, 14, '[\"福建省\",\"福州市\"]', '[\"119.350334\",\"26.048781\"]', '宝地广场', NULL, '[\"五险一金\",\"双休\",\"计算机/软件工程相关专业\",\"Objective-C\",\"功能开发\"]', '[\"补充医疗保险\",\"五险一金\",\"定期体检\",\"加班补助\",\"年终奖\",\"带薪年假\",\"股票期权\",\"餐补\",\"节日福利\",\"零食下午茶\"]', 1, 1, 0, '<p><span style=\"color: rgb(51, 51, 51); background-color: rgb(255, 255, 255); font-size: 15px;\">岗位职责：<br>1、参与iOS APP的需求分析；<br>2、负责iOS APP的设计和开发工作；<br>3、负责iOS APP的性能调优等优化工作。<br>岗位要求：<br>1、至少独立发布过1款APP至苹果应用市场，熟悉整个App Store上架流程；<br>2、精通Objective-C语言或SWIFT语言；熟悉iOS开发平台及框架原理，iOS界面开发规范，能够清晰的理解Objective-C的runtime的运行机制和iOS平台的内存管理机制；熟悉IPA包结构，对App安全、逆向有基本了解；<br>3、对iOS系统架构、编译相关知识有一定的储备积累，能够熟练运用常用设计模式到实际项目中来解决问题，对于MVC/MVVM等有较深刻的理解；<br>4、熟悉iOS客户端开发流程的控制及优化，独立负责过客户端整体或核心模块设计；具备较强的开发、调试、性能优化能力；熟练阅读英文资料更佳；<br>5、有Hybrid混合开发模式经验者优先；<br>6、对HTTP协议有比较深入的了解，对混合开发模式要有一定的认识，熟练使用工具进行接口及界面调试；</span></p>', '2023-04-12 14:38:23', '2023-04-26 22:24:15');
INSERT INTO `job` VALUES ('1646040626434670594', 1268, '1645340472782221314', '自动化测试', '[\"技术\",\"测试\",\"自动化测试\"]', '硕士', 15, 20, 15, '[\"福建省\",\"福州市\"]', '[\"119.350334\",\"26.048781\"]', '宝地广场', NULL, '[\"软件开发经验\",\"自动化测试经验\",\"计算机相关专业\",\"Selenium\",\"Python\",\"Java\"]', '[\"五险一金\",\"补充医疗保险\",\"定期体检\",\"加班补助\",\"年终奖\",\"通讯补贴\",\"餐补\",\"股票期权\",\"零食下午茶\",\"节日福利\"]', 0, 1, 0, '<p><span style=\"color: rgb(51, 51, 51); background-color: rgb(255, 255, 255); font-size: 15px;\">岗位职责：<br>1.参与公司产品的需求分析，深入了解软件需求说明书，找出系统设计阶段存在的问题及缺陷，对产品提出进一步改进的建议，并评估改进方案是否合理。<br>2.参与公司自动化框架需求收集与分析，架构设计，实施及测试运维。<br>3.参与公司自动化工具类的设计，开发，测试及维护。<br>4.负责公司所有系统的自动化测试（接口，功能，性能，集成等测试）用例的开发，维护。<br>5.编写测试报告，对测试结果进行总结与统计分析，并给出有价值的改善意见和建议。<br>6.收集软件研发过程中存在的风险，并及时反馈。<br>7.为业务部门提供相应技术支持，确保软件质量指标。<br>职位要求：<br>1.计算机相关专业本科及以上学历，有软件开发或测试经验；自动化测试经验，自动化框架/工具开发经验；有自动化框架设计经验者优先。<br>2.熟练掌握软件测试流程，方法和规范，能编写测试计划，测试用例和测试报告。<br>3.具有很强的面向对象开发思维，熟悉常用的设计模式，服务开发经验者优先。<br>4.熟练掌握如下开发语言之一：Java,Groovy,Go,Python,C#；熟悉常用脚本语言：Shell、Ruby;Java，Groovy，Go熟练者优先，有多线程编程经验者优先。<br>5.理解并熟练掌握运用Docker等容器技术，有DevOps经验者优先。<br>6.熟悉常用的自动化测试工具/框架。<br>7.熟练使用常用的测试管理工具：JIRA、TestLink等；<br>8.熟练使用至少一种配置管理工具：SVN、GIT等；<br>9.熟悉数据库操作，使用过Oracle，SQLServer、Mysql任意一种数据库<br>10.较强的逻辑思维能力、分析能力和定位问题的能力，工作态度认真严谨，做事积极主动，有较强责任心。</span></p>', '2023-04-12 14:40:41', '2023-04-14 12:48:16');

-- ----------------------------
-- Table structure for user_job
-- ----------------------------
DROP TABLE IF EXISTS `user_job`;
CREATE TABLE `user_job`  (
  `id` varchar(255) CHARACTER SET utf8mb4 COLLATE utf8mb4_0900_ai_ci NOT NULL,
  `user_id` bigint NULL DEFAULT NULL,
  `job_id` varchar(255) CHARACTER SET utf8mb4 COLLATE utf8mb4_0900_ai_ci NULL DEFAULT NULL,
  PRIMARY KEY (`id`) USING BTREE
) ENGINE = InnoDB CHARACTER SET = utf8mb4 COLLATE = utf8mb4_0900_ai_ci ROW_FORMAT = Dynamic;

-- ----------------------------
-- Records of user_job
-- ----------------------------
INSERT INTO `user_job` VALUES ('1646888246191374338', 1, '1645656196054622209');
INSERT INTO `user_job` VALUES ('1650058376882794498', 1260, '111');
INSERT INTO `user_job` VALUES ('1652882708709351425', 948, '111');

-- ----------------------------
-- Table structure for user_job_chat
-- ----------------------------
DROP TABLE IF EXISTS `user_job_chat`;
CREATE TABLE `user_job_chat`  (
  `id` varchar(255) CHARACTER SET utf8mb4 COLLATE utf8mb4_0900_ai_ci NOT NULL,
  `user_id` bigint NOT NULL,
  `job_id` varchar(255) CHARACTER SET utf8mb4 COLLATE utf8mb4_0900_ai_ci NOT NULL,
  PRIMARY KEY (`id`) USING BTREE
) ENGINE = InnoDB CHARACTER SET = utf8mb4 COLLATE = utf8mb4_0900_ai_ci ROW_FORMAT = Dynamic;

-- ----------------------------
-- Records of user_job_chat
-- ----------------------------
INSERT INTO `user_job_chat` VALUES ('1649994901166874626', 949, '111');
INSERT INTO `user_job_chat` VALUES ('1649994921081430017', 949, '111');
INSERT INTO `user_job_chat` VALUES ('1649994968003108865', 949, '111');
INSERT INTO `user_job_chat` VALUES ('1649995024789790722', 949, '111');
INSERT INTO `user_job_chat` VALUES ('1649995225801809921', 949, '111');
INSERT INTO `user_job_chat` VALUES ('1649995428944535553', 949, '111');
INSERT INTO `user_job_chat` VALUES ('1649996816575488001', 949, '111');
INSERT INTO `user_job_chat` VALUES ('1649999397959884801', 949, '111');
INSERT INTO `user_job_chat` VALUES ('1649999787526840322', 949, '1645974949136957442');
INSERT INTO `user_job_chat` VALUES ('1649999834612097025', 949, '1646014724975886338');
INSERT INTO `user_job_chat` VALUES ('1649999886545969154', 949, '1646014724975886338');
INSERT INTO `user_job_chat` VALUES ('1649999928409317377', 949, '1646014724975886338');
INSERT INTO `user_job_chat` VALUES ('1649999984948535298', 949, '1646014724975886338');
INSERT INTO `user_job_chat` VALUES ('1650003414194708481', 949, '1646014724975886338');
INSERT INTO `user_job_chat` VALUES ('1650003447287767041', 949, '1646014724975886338');
INSERT INTO `user_job_chat` VALUES ('1650003475259580417', 949, '1646014724975886338');
INSERT INTO `user_job_chat` VALUES ('1650003500282798082', 949, '1646014724975886338');
INSERT INTO `user_job_chat` VALUES ('1650003537544994818', 949, '1646014724975886338');
INSERT INTO `user_job_chat` VALUES ('1650008023948713985', 949, '1646014724975886338');
INSERT INTO `user_job_chat` VALUES ('1650008049039040514', 949, '1646014724975886338');
INSERT INTO `user_job_chat` VALUES ('1650008098431164418', 949, '1645649250031345666');
INSERT INTO `user_job_chat` VALUES ('1650008170178928642', 949, '1645649250031345666');
INSERT INTO `user_job_chat` VALUES ('1650008295282434049', 949, '1645649250031345666');
INSERT INTO `user_job_chat` VALUES ('1650008415080144898', 949, '1645649250031345666');
INSERT INTO `user_job_chat` VALUES ('1650015552166539265', 1260, '1645974949136957442');
INSERT INTO `user_job_chat` VALUES ('1650016409650049025', 1260, '111');
INSERT INTO `user_job_chat` VALUES ('1650020564364013569', 1260, '1646038151795310593');
INSERT INTO `user_job_chat` VALUES ('1650021717558538241', 1260, '1646014724975886338');
INSERT INTO `user_job_chat` VALUES ('1650022738431160322', 1260, '1646033432540610562');
INSERT INTO `user_job_chat` VALUES ('1650023428167675905', 1260, '1645649250031345666');
INSERT INTO `user_job_chat` VALUES ('1650026592208007169', 1260, '1646027805923737601');
INSERT INTO `user_job_chat` VALUES ('1650036430531047426', 1260, '1645975512226463745');
INSERT INTO `user_job_chat` VALUES ('1650041326827319298', 1260, '1645656196054622209');
INSERT INTO `user_job_chat` VALUES ('1650042221715632129', 1260, '1646020279098408961');
INSERT INTO `user_job_chat` VALUES ('1650440336343863297', 1, '111');
INSERT INTO `user_job_chat` VALUES ('1651073322143739906', 948, '111');
INSERT INTO `user_job_chat` VALUES ('1651175435909754882', 1264, '111');
INSERT INTO `user_job_chat` VALUES ('1651216288401354754', 948, '1645974949136957442');

-- ----------------------------
-- Table structure for user_resume
-- ----------------------------
DROP TABLE IF EXISTS `user_resume`;
CREATE TABLE `user_resume`  (
  `resume_id` varchar(255) CHARACTER SET utf8mb4 COLLATE utf8mb4_0900_ai_ci NOT NULL,
  `user_id` bigint NULL DEFAULT NULL,
  `resume_url` varchar(255) CHARACTER SET utf8mb4 COLLATE utf8mb4_0900_ai_ci NULL DEFAULT NULL,
  `resume_name` varchar(255) CHARACTER SET utf8mb4 COLLATE utf8mb4_0900_ai_ci NULL DEFAULT NULL,
  PRIMARY KEY (`resume_id`) USING BTREE
) ENGINE = InnoDB CHARACTER SET = utf8mb4 COLLATE = utf8mb4_0900_ai_ci ROW_FORMAT = Dynamic;

-- ----------------------------
-- Records of user_resume
-- ----------------------------
INSERT INTO `user_resume` VALUES ('1648918088076288002', 1, 'https://hqk10.oss-cn-hangzhou.aliyuncs.com/2023/04/20/9adcbb65d8b643acbf6b6c1e6291eef1antd.pdf', 'antd.pdf');
INSERT INTO `user_resume` VALUES ('1650058331366207489', 1260, 'https://hqk10.oss-cn-hangzhou.aliyuncs.com/2023/04/23/0d0b49d5a1e8451b88993ef6f1b693a5python工程师简历模板.pdf', 'python工程师简历模板.pdf');
INSERT INTO `user_resume` VALUES ('1652688132195328001', 948, 'https://hqk10.oss-cn-hangzhou.aliyuncs.com/2023/04/30/696b81ac92af4a91b1d0ba7f5cf03c16张三-Java工程师.pdf', '张三-Java工程师.pdf');
INSERT INTO `user_resume` VALUES ('1652937882022813697', 949, 'https://hqk10.oss-cn-hangzhou.aliyuncs.com/2023/05/01/32871873be5f41879f01ae00a66ac40e张三-Java工程师.pdf', '张三-Java工程师.pdf');

SET FOREIGN_KEY_CHECKS = 1;
